Date,Price- Brazil,Price-Arg,Price-Peru,Price-Mex,Price-Japan,Price- US,Price-China
2/12/2018,9.955,5.16,5.875,7.96,210.809,144.56,4.35
2/9/2018,9.955,5.16,5.835,7.95,210.805,144.41,4.34
2/8/2018,9.865,5.16,5.825,7.96,210.347,143.34,4.36
2/7/2018,9.77,5.16,5.825,7.96,210.593,144.16,4.36
2/6/2018,9.79,5.16,5.775,7.87,210.731,144.09,4.36
2/5/2018,9.87,5.16,5.745,7.83,210.324,144.62,4.349
2/2/2018,9.83,5.16,5.745,7.87,210.37,146.03,4.368
2/1/2018,9.69,5.16,5.735,7.86,210.163,145.69,4.371
1/31/2018,9.72,5.16,5.735,7.86,210.51,144.78,4.382
1/30/2018,9.79,5.16,5.715,7.84,210.294,146.56,4.36
1/29/2018,9.78,5.16,5.735,7.839,210.695,147.81,4.388
1/26/2018,9.71,5.16,5.765,7.84,210.437,147.38,4.399
1/25/2018,9.845,5.16,5.755,7.78,210.029,148.12,4.402
1/24/2018,9.74,5.16,5.755,7.734,210.025,148.75,4.396
1/23/2018,10.02,5.16,5.755,7.734,210.262,149.41,4.39
1/22/2018,9.92,5.16,5.735,7.72,209.956,148.47,4.393
1/19/2018,9.9,5.16,5.795,7.71,209.649,149.22,4.386
1/18/2018,9.84,5.16,5.815,7.73,209.294,148.69,4.387
1/17/2018,9.92,5.16,5.775,7.79,209.64,149,4.397
1/16/2018,9.92,5.16,5.755,7.82,209.525,149.44,4.387
1/15/2018,9.92,5.16,5.755,7.8,209.622,150.31,4.411
1/12/2018,9.85,5.16,5.765,7.85,209.617,150.81,4.39
1/11/2018,9.92,5.16,5.825,7.853,208.962,150.44,4.385
1/10/2018,9.99,5.16,5.775,7.85,208.707,150.5,4.39
1/9/2018,10.03,5.17,5.806,7.87,209.493,150.5,4.397
1/8/2018,10.015,5.17,5.84,7.873,210.394,150.44,4.397
1/5/2018,10.085,5.03,5.855,7.873,210.389,150.06,4.394
1/4/2018,10.045,5.03,6.005,7.87,210.638,150.22,4.382
1/3/2018,10.04,5.04,6.105,7.81,210.583,151.72,4.373
1/2/2018,10.08,5.04,6.095,7.73,210.569,151.81,4.375
12/29/2017,10.21,5.04,6.055,7.66,210.564,152.31,4.39
12/28/2017,10.27,4.92,6,7.69,210.56,152.31,4.394
12/27/2017,10.37,4.95,6.035,7.69,210.56,151.75,4.411
12/26/2017,10.29,5.1,6.005,7.69,210.353,152.88,4.386
12/22/2017,10.39,4.91,6.1,7.71,210.348,153,4.392
12/21/2017,10.38,4.91,6.1,7.76,210.335,152.72,4.407
12/20/2017,10.485,4.85,6.1,7.89,210.229,152.94,4.404
12/19/2017,10.57,4.88,6.125,7.89,210.123,151.62,4.393
12/18/2017,10.52,4.89,6.12,7.89,210.123,150.78,4.387
12/16/2017,10.405,4.88,6.14,7.93,210.067,151,4.38
12/15/2017,10.405,4.88,6.175,7.98,210.367,151.19,4.395
12/14/2017,10.35,4.88,6.245,7.98,210.758,150.56,4.385
12/13/2017,10.265,4.95,6.15,7.98,210.551,152.53,4.37
12/12/2017,10.34,4.99,6.17,7.89,210.446,154.28,4.362
12/11/2017,10.28,5.02,6.32,7.81,210.446,155.38,4.383
12/8/2017,10.2,5.02,6.274,7.79,210.441,155.22,4.383
12/7/2017,10.25,5.02,6.315,7.7,210.085,154.81,4.374
12/6/2017,10.14,5.02,6.155,7.76,209.92,153.78,4.384
12/5/2017,10.27,5.02,6.15,7.76,209.766,154.16,4.379
12/4/2017,10.26,5.02,6.155,7.72,209.762,154,4.367
12/1/2017,10.35,5.02,6.185,7.7,209.762,153.97,4.34
11/30/2017,10.39,4.96,6.215,7.68,209.108,155.16,4.35
11/29/2017,10.31,4.95,6.19,7.68,208.704,154.81,4.362
11/28/2017,10.14,4.95,6.215,7.62,208.393,154.12,4.363
11/27/2017,10.17,4.95,6.205,7.62,208.536,154.38,4.37
11/24/2017,10.18,4.95,6.255,7.66,208.881,152.84,4.35
11/23/2017,10.09,4.91,6.235,7.66,208.881,153.31,4.37
11/22/2017,10.11,4.96,6.2,7.63,209.223,154.28,4.37
11/21/2017,10.12,4.73,6.245,7.58,209.019,154.34,4.372
11/20/2017,10.17,4.73,6.24,7.56,208.41,154.25,4.352
11/17/2017,10.175,4.77,6.275,7.56,208.603,154.64,4.359
11/16/2017,10.3,4.77,6.305,7.59,209.097,154.5,4.364
11/15/2017,10.485,4.77,6.29,7.57,209.097,154.09,4.366
11/14/2017,10.505,4.77,6.26,7.58,210.093,153.66,4.37
11/13/2017,10.285,4.69,6.26,7.58,210.089,153.78,4.357
11/10/2017,10.22,4.69,6.296,7.59,209.774,153.56,4.35
11/9/2017,10.08,4.53,6.3,7.59,209.517,154,4.356
11/8/2017,10.04,4.53,6.3,7.58,209.363,152.88,4.378
11/7/2017,10.1,4.73,6.295,7.57,209.363,152.41,4.38
11/6/2017,10.05,4.73,6.295,7.6,209.659,152.31,4.397
11/3/2017,10.185,4.72,6.335,7.64,209.554,153.88,4.38
11/1/2017,9.95,4.67,6.365,7.69,209.04,154.34,4.37
10/31/2017,9.9,4.67,6.345,7.69,209.235,154.69,4.355
10/30/2017,9.88,4.67,6.315,7.72,210.236,154.22,4.355
10/29/2017,9.74,4.77,6.255,7.66,210.236,153.66,4.39
10/27/2017,9.74,4.71,6.265,7.64,210.332,153.47,4.41
10/26/2017,9.805,4.75,6.325,7.58,210.126,152.75,4.356
10/25/2017,9.635,4.85,6.265,7.58,209.559,152.47,4.371
10/24/2017,9.7,4.91,6.245,7.57,209.504,152.38,4.362
10/23/2017,9.71,4.91,6.275,7.58,208.152,151.19,4.363
10/22/2017,9.635,4.71,6.305,7.53,208.152,150.72,4.386
10/20/2017,9.635,4.72,6.285,7.56,208.147,150.91,4.382
10/19/2017,9.63,4.74,6.315,7.56,207.648,151.69,4.368
10/18/2017,9.71,4.74,6.285,7.61,206.945,152.34,4.342
10/17/2017,9.73,4.75,6.275,7.62,206.841,152.19,4.342
10/16/2017,9.84,4.69,6.275,7.59,206.74,153.53,4.383
10/13/2017,9.82,4.66,6.275,7.62,206.74,153.03,4.32
10/11/2017,9.83,4.78,6.195,7.59,206.979,154.06,4.317
10/10/2017,9.75,4.76,6.195,7.59,206.876,153.72,4.316
10/9/2017,9.81,4.76,6.185,7.59,206.667,154,4.313
10/6/2017,9.74,4.83,6.145,7.61,206.172,153.09,4.313
10/5/2017,9.92,4.83,6.145,7.59,205.875,152.56,4.327
10/4/2017,9.76,4.85,6.145,7.58,205.875,152.5,4.325
10/3/2017,9.795,4.84,6.175,7.53,205.969,152.09,4.315
10/2/2017,9.735,4.81,6.165,7.52,206.451,151.91,4.302
9/29/2017,9.745,4.81,6.125,7.52,206.389,152.25,4.278
9/28/2017,9.785,4.81,6.124,7.52,206.529,152.56,4.309
9/27/2017,9.825,4.83,6.135,7.43,206.768,152.62,4.274
9/26/2017,9.725,4.87,6.175,7.45,206.768,152.69,4.264
9/25/2017,9.77,4.87,6.205,7.54,206.617,152.81,4.255
9/22/2017,9.66,4.87,6.176,7.59,206.318,152.78,4.25
9/21/2017,9.63,4.87,6.195,7.58,206.159,152.94,4.25
9/20/2017,9.7,4.87,6.225,7.58,206.299,154.78,4.25
9/19/2017,9.735,4.86,6.205,7.508,206.295,154.91,4.243
9/18/2017,9.79,4.9,6.175,7.53,206.295,154.09,4.242
9/15/2017,9.82,4.92,6.17,7.56,206.879,153.88,4.233
9/14/2017,9.82,4.88,6.195,7.48,206.824,155.34,4.273
9/13/2017,9.92,4.88,6.135,7.45,206.32,155.41,4.28
9/12/2017,9.87,4.69,6.095,7.45,206.608,155.62,4.292
9/11/2017,9.81,4.75,6.095,7.39,206.946,156.31,4.297
9/8/2017,9.74,4.7,6.05,7.28,206.946,156.25,4.298
9/6/2017,9.81,4.69,6.055,7.24,206.109,156.09,4.288
9/5/2017,9.9,4.69,6.095,7.22,207.827,156.53,4.27
9/4/2017,9.985,4.69,6.085,7.2,208.761,157.28,4.26
9/1/2017,10.01,4.72,6.07,7.2,209.156,158.56,4.263
8/31/2017,9.955,4.75,6.194,7.26,209.202,158.66,4.256
8/30/2017,10.105,4.78,6.105,7.24,209.202,157.62,4.243
8/29/2017,10.095,4.78,6.135,7.19,208.947,158.28,4.24
8/28/2017,10.13,4.8,6.145,7.21,208.441,155.36,4.238
8/25/2017,10.15,4.87,6.145,7.2,208.227,155.45,4.259
8/24/2017,10.09,4.99,6.105,7.2,208.77,156.47,4.257
8/23/2017,10.15,5.01,6.12,7.22,208.765,157.38,4.24
8/22/2017,10.15,5.01,6.1,7.24,208.765,156.91,4.246
8/21/2017,10.215,5.01,6.125,7.221,207.918,156.94,4.246
8/18/2017,10.125,4.96,6.135,7.23,208.706,156.75,4.247
8/17/2017,10.22,4.97,6.165,7.217,208.94,156.53,4.263
8/16/2017,10.11,4.79,6.165,7.217,209.685,156.09,4.257
8/15/2017,10.03,4.73,6.14,7.23,209.731,156.5,4.255
8/14/2017,10.06,4.73,6.125,7.2,209.731,155.59,4.229
8/11/2017,10.17,4.7,6.125,7.19,209.027,156.16,4.222
8/10/2017,10.12,4.65,6.125,7.19,209.672,155.84,4.233
8/9/2017,10.04,4.64,6.165,7.17,209.608,155.69,4.211
8/8/2017,9.965,4.64,6.205,7.17,209.253,155.06,4.204
8/7/2017,9.915,4.6,6.205,7.2,208.7,154.41,4.095
8/6/2017,9.86,4.6,6.225,7.22,208.7,155.16,4.123
8/4/2017,9.86,4.62,6.185,7.25,208.546,155.47,4.124
8/3/2017,9.86,4.7,6.215,7.224,208.343,155.34,4.123
8/2/2017,9.88,4.83,6.194,7.23,208.377,154.72,4.144
8/1/2017,10.025,4.83,6.24,7.23,208.175,153.72,4.15
7/31/2017,10.015,4.83,6.24,7.21,208.318,154.31,4.157
7/28/2017,10.045,4.83,6.225,7.21,208.318,154.09,4.153
7/27/2017,10.005,4.82,6.235,7.22,208.663,155,4.132
7/26/2017,10.105,4.88,6.215,7.22,208.308,154.22,4.127
7/25/2017,10.165,4.75,6.14,7.18,208.096,154.03,4.127
7/24/2017,10.065,4.75,6.175,7.18,207.548,152.97,4.128
7/21/2017,10.05,4.75,6.185,7.151,207.149,153.19,4.13
7/20/2017,10.135,4.75,6.205,7.153,207.149,152.59,4.123
7/19/2017,10.09,4.75,6.185,7.16,206.753,153.16,4.11
7/18/2017,10.15,4.76,6.195,7.16,206.65,152.62,4.108
7/17/2017,10.22,4.77,6.16,7.672,207.47,154.25,4.112
7/16/2017,10.325,4.77,6.16,7.19,207.613,154.78,4.086
7/14/2017,10.325,4.68,6.185,7.2,207.115,154.06,4.073
7/13/2017,10.42,4.68,6.155,7.2,207.115,153.94,4.026
7/12/2017,10.305,4.68,6.15,7.2,207.111,153.84,3.998
7/11/2017,10.525,4.68,6.15,7.18,206.664,152.88,3.991
7/10/2017,10.53,4.66,6.26,7.22,206.015,152.62,3.998
7/7/2017,10.63,4.66,6.285,7.22,206.109,152.19,3.997
7/6/2017,10.5,4.66,6.25,7.228,206.348,152.78,3.979
7/5/2017,10.515,4.85,6.265,7.24,206.348,152.06,3.999
7/4/2017,10.55,4.84,6.225,7.26,206.348,152,3.999
7/3/2017,10.5,4.78,6.295,7.25,206.245,151.66,3.994
7/2/2017,10.53,4.78,6.305,7.232,205.947,152.28,3.99
7/1/2017,10.53,4.72,6.425,7.232,205.885,153.34,4
6/30/2017,10.53,4.68,6.435,7.232,206.075,153.24,4.005
6/29/2017,10.69,4.58,6.425,7.28,206.509,153.06,4.011
6/28/2017,10.62,4.55,6.47,7.216,206.509,153.69,4.005
6/27/2017,10.77,4.55,6.47,7.24,206.798,154.25,4.014
6/26/2017,10.68,4.62,6.495,7.21,206.548,155,4.007
6/25/2017,10.84,4.68,6.405,7.22,206.926,155.69,4.003
6/23/2017,10.84,4.68,6.425,7.22,206.383,156.91,3.987
6/22/2017,10.725,4.75,6.445,7.2,206.525,156.62,3.987
6/21/2017,10.625,4.74,6.385,7.23,206.525,156.47,3.987
6/20/2017,10.56,4.74,6.525,7.3,206.52,157.59,3.981
6/19/2017,10.375,4.67,6.425,7.31,206.466,157.62,3.986
6/16/2017,10.51,4.57,6.395,7.28,206.55,156.66,4
6/14/2017,10.645,4.51,6.325,7.28,206.301,156.88,4.008
6/13/2017,10.78,4.5,6.325,7.26,206.296,156.72,4.01
6/12/2017,10.73,4.42,6.23,7.24,206.296,156.91,4.01
6/9/2017,10.9,4.42,6.23,7.21,206.296,155.31,3.988
6/8/2017,10.93,4.42,6.23,7.21,206.633,155.28,3.965
6/7/2017,10.83,4.48,6.23,7.18,204.874,155.53,3.968
6/6/2017,10.8,4.48,6.23,7.18,204.426,155.56,3.993
6/5/2017,10.96,4.3,6.23,7.18,205.097,155.84,3.975
6/2/2017,10.88,4.3,6.23,7.283,205.239,156.28,3.943
6/1/2017,10.79,4.3,6.23,7.27,205.239,155.66,3.939
5/31/2017,10.74,4.39,6.225,7.32,205.331,156.16,3.933
5/30/2017,10.94,4.41,6.24,7.29,206.251,154.84,3.962
5/29/2017,10.8,4.57,6.225,7.3,206.679,155.12,3.97
5/26/2017,10.915,4.57,6.28,7.3,207.168,154.59,4.019
5/25/2017,10.93,4.56,6.28,7.28,207.163,152.83,4.034
5/24/2017,11.5,4.35,6.245,7.31,207.163,153.91,4.025
5/23/2017,11.39,4.35,6.345,7.32,208.752,153.84,4.02
5/22/2017,11.78,4.34,6.285,7.35,208.697,153.53,4.02
5/19/2017,11.54,4.38,6.18,7.28,209.44,153.28,4.036
5/18/2017,11.73,4.38,6.275,7.28,209.081,153.78,4.03
5/17/2017,10.02,4.4,6.28,7.28,209.685,153.84,4.024
5/16/2017,10.095,4.44,6.295,7.23,209.685,153.81,4.042
5/15/2017,10.05,4.52,6.225,7.15,210.187,153.78,4.037
5/12/2017,10.08,4.52,6.265,7.146,209.676,151.59,4.038
5/11/2017,10.1,4.46,6.255,7.1,209.255,151.28,4.05
5/10/2017,10.17,4.46,6.255,7.1,208.852,151.44,4.05
5/9/2017,10.165,4.23,6.295,7.1,209.196,150.62,4.046
5/8/2017,10.2,4.23,6.335,7.1,209.196,150.53,4.038
5/7/2017,10.27,4.25,6.345,7.11,209.745,150.75,4.04
5/5/2017,10.27,4.24,6.385,7.186,209.038,151.31,4.03
5/4/2017,10.28,4.23,6.425,7.18,208.375,151.81,4.003
5/3/2017,10.29,4.23,6.445,7.08,208.072,151.72,4.002
5/2/2017,10.225,4.22,6.455,7.08,208.265,152.81,3.993
4/28/2017,10.315,4.22,6.485,7.08,208.265,152.75,3.972
4/27/2017,10.4,4.22,6.485,7.19,207.964,152,3.988
4/26/2017,10.44,4.17,6.415,7.21,209.709,152.97,3.962
4/25/2017,10.35,4.18,6.505,7.3,209.091,152.72,3.95
4/24/2017,10.15,4.18,6.445,7.29,209.087,152.66,3.935
4/22/2017,10.175,4.22,6.38,7.22,208.633,152.41,3.93
4/20/2017,10.175,4.17,6.405,7.22,208.633,153.44,3.93
4/19/2017,10.215,4.13,6.33,7.26,208.528,154.16,3.936
4/18/2017,10.09,4.13,6.336,7.31,209.174,154.16,3.935
4/17/2017,10.11,4.15,6.385,7.28,209.312,154.75,3.928
4/13/2017,10.19,4.14,6.375,7.4,209.055,155.16,3.926
4/12/2017,10.06,4.16,6.415,7.47,209.353,153.47,3.916
4/11/2017,10.04,4.23,6.182,7.47,209.353,154,3.92
4/10/2017,9.95,4.16,6.182,7.562,208.647,153,3.935
4/7/2017,10.08,4.16,6.285,7.586,209.142,152.97,3.891
4/6/2017,10.13,4.21,6.225,7.606,209.228,151.78,3.863
4/5/2017,10.06,4.05,6.175,7.57,208.973,151.5,3.863
4/4/2017,9.93,4.05,6.235,7.578,209.322,151.72,3.847
4/3/2017,10,4.09,6.25,7.578,209.322,151.5,3.849
3/31/2017,10.11,4.09,6.325,7.59,209.322,151.66,3.823
3/30/2017,10.065,4.2,6.52,7.6,208.663,151.75,3.798
3/29/2017,10.12,4.24,6.535,7.63,207.465,150.84,3.785
3/28/2017,10.23,4.23,6.505,7.59,207.205,150.53,3.797
3/27/2017,10.1,4.27,6.495,7.552,207.694,151.22,3.787
3/26/2017,10.16,4.22,6.47,7.552,207.244,150.78,3.802
3/24/2017,10.16,4.22,6.47,7.51,207.244,151.47,3.801
3/23/2017,10.245,4.34,6.525,7.48,207.338,151.09,3.802
3/22/2017,10.325,4.33,6.46,7.49,207.828,150.53,3.806
3/21/2017,10.215,4.31,6.505,7.516,208.063,151.97,3.81
3/20/2017,10.275,4.37,6.55,7.547,208.759,151.28,3.815
3/18/2017,10.27,4.37,6.55,7.547,209.308,150.34,3.815
3/17/2017,10.27,4.37,6.5,7.58,209.308,149.75,3.817
3/16/2017,10.25,4.37,6.5,7.588,209.304,149.25,3.82
3/15/2017,10.285,4.52,6.515,7.61,209.299,149.62,3.817
3/14/2017,10.385,4.6,6.445,7.56,209.286,148.12,3.817
3/13/2017,10.225,4.6,6.445,7.54,209.685,147.62,3.833
3/10/2017,10.28,4.62,6.465,7.54,209.935,148.06,3.857
3/9/2017,10.46,4.62,6.465,7.54,209.935,148.06,3.857
3/8/2017,10.425,4.64,6.485,7.558,209.12,149.16,3.862
3/7/2017,10.295,4.65,6.433,7.526,209.268,150.09,3.863
3/6/2017,10.255,4.64,6.433,7.54,210.217,150.31,3.876
3/3/2017,10.24,4.7,6.465,7.61,210.415,150.5,3.85
3/2/2017,10.4,4.65,6.495,7.58,211.437,150.34,3.847
3/1/2017,10.21,4.65,6.515,7.58,211.437,150.69,3.847
2/24/2017,10.25,4.6,6.535,7.67,211.382,152.94,3.853
2/23/2017,10.18,4.67,6.595,7.71,211.171,152.62,3.867
2/22/2017,10.29,4.8,6.575,7.67,210.748,153.22,3.864
2/21/2017,10.32,4.76,6.575,7.65,212.032,151.81,3.869
2/20/2017,10.41,4.76,6.595,7.64,210.739,151.38,3.88
2/17/2017,10.43,4.8,6.603,7.64,210.739,151.31,3.875
2/16/2017,10.46,4.8,6.618,7.6,209.309,151.11,3.87
2/15/2017,10.36,4.8,6.625,7.55,208.45,151.39,3.867
2/14/2017,10.38,4.76,6.705,7.532,207.189,151.25,3.85
2/13/2017,10.36,4.72,6.68,7.57,206.837,150.81,3.85
2/10/2017,10.345,4.72,6.74,7.58,207.23,149.94,3.828
2/9/2017,10.39,4.68,6.74,7.6,207.23,150.62,3.848
2/8/2017,10.41,4.71,6.825,7.62,206.68,151.38,3.838
2/7/2017,10.475,4.27,6.917,7.58,205.645,151.91,3.815
2/6/2017,10.575,4.27,6.925,7.53,206.12,152.19,3.827
2/3/2017,10.61,4.24,6.92,7.51,206.559,153.28,3.813
2/2/2017,10.73,4.37,6.945,7.53,206.848,152.19,3.82
2/1/2017,10.875,4.35,6.95,7.487,206.848,151.53,3.86
1/31/2017,10.935,4.24,6.925,7.528,207.44,150.03,3.841
1/30/2017,10.875,4.24,6.945,7.56,207.983,150.56,3.84
1/27/2017,10.81,4.24,6.885,7.49,207.57,150.44,3.877
1/26/2017,10.98,4.17,6.86,7.444,207.218,150.84,3.903
1/25/2017,10.9,4.17,6.885,7.444,207.015,150.25,3.9
1/24/2017,10.83,4.06,6.865,7.446,207.015,150.38,3.887
1/23/2017,10.86,4.02,6.845,7.49,207.408,149.78,3.887
1/20/2017,10.955,3.96,6.835,7.53,207.402,149.47,3.883
1/19/2017,11.01,3.96,6.815,7.46,206.792,150.59,3.877
1/18/2017,11.09,3.96,6.802,7.406,206.986,152,3.86
1/17/2017,11.03,4.13,6.805,7.406,206.982,150.78,3.86
1/16/2017,11.02,4.31,6.855,7.406,206.982,151.06,3.82
1/13/2017,11.07,4.38,6.87,7.44,206.978,152.03,3.807
1/12/2017,11.08,4.38,6.85,7.556,205.657,153.31,3.776
1/11/2017,11.28,4.42,6.875,7.63,205.259,152.33,3.767
1/10/2017,11.22,4.42,6.875,7.65,205.11,152.49,3.767
1/9/2017,11.32,4.41,6.845,7.684,205.538,152.28,3.748
1/6/2017,11.4,4.42,6.825,7.684,205.538,152.59,3.703
1/5/2017,11.43,4.43,6.8,7.69,206.163,152.81,3.703
1/4/2017,11.43,4.43,6.825,7.696,206.158,152.53,3.709
1/3/2017,11.29,4.46,6.79,7.81,206.976,152.72,3.713
1/2/2017,11.25,4.43,6.795,7.82,207.71,151.78,3.718
12/30/2016,11.42,4.49,6.825,7.82,206.919,152.5,3.708
12/29/2016,11.42,4.41,6.82,7.82,206.919,150.69,3.68
12/28/2016,11.46,4.47,6.815,7.84,206.229,150.56,3.673
12/27/2016,11.475,4.47,6.795,7.82,207.743,150.2,3.673
12/26/2016,11.435,4.23,6.718,7.81,209.376,150.66,3.67
12/23/2016,11.49,4.22,6.725,7.803,209.071,149.91,3.666
12/22/2016,11.49,4.22,6.755,7.81,207.477,149.72,3.657
12/21/2016,11.63,4.19,6.805,7.81,207.477,148.56,3.653
12/20/2016,11.78,4.24,6.775,7.89,206.833,148.89,3.68
12/19/2016,11.92,4.24,6.805,7.89,204.499,149.12,3.664
12/16/2016,12.04,4.3,6.8,7.91,203.769,148.81,3.658
12/15/2016,12.07,4.3,6.925,7.84,203.717,148.94,3.622
12/14/2016,12.14,4.35,6.895,7.76,204.328,149.88,3.677
12/13/2016,12.095,4.35,6.82,7.76,204.328,150.31,3.735
12/12/2016,11.975,4.48,6.875,7.74,204.328,149.03,3.75
12/9/2016,11.895,4.61,6.855,7.86,204.947,149.94,3.772
12/8/2016,11.79,4.63,6.84,7.91,204.886,149.84,3.767
12/7/2016,11.94,4.7,6.905,7.956,206.385,150.22,3.798
12/6/2016,12.19,4.56,6.945,7.98,206.725,150,3.853
12/5/2016,12.06,4.56,6.925,7.98,206.725,149.88,3.883
12/2/2016,12.37,4.61,6.92,7.9,205.889,151.34,3.902
12/1/2016,12.25,4.56,6.85,7.824,204.191,152.56,3.843
11/30/2016,11.9,4.58,6.905,7.75,204.563,151.66,3.817
11/29/2016,11.9,4.72,6.925,7.7,204.56,152.12,3.645
11/28/2016,12.02,4.72,6.995,7.8,206.299,151.88,3.63
11/25/2016,12.2,4.72,7.055,7.8,206.299,150.88,3.543
11/24/2016,11.96,4.68,7.075,7.89,206.1,152.66,3.489
11/23/2016,11.88,4.94,7.115,7.872,207.718,154.12,3.477
11/22/2016,11.91,4.97,7.125,7.98,208.004,153.69,3.462
11/21/2016,11.92,4.97,7.195,8.09,207.702,152.81,3.49
11/18/2016,12.2,5.16,7.175,8.02,207.498,152.55,3.435
11/17/2016,12.08,5,7.095,8.02,207.498,152.91,3.415
11/16/2016,11.98,5.47,7.095,7.999,207.296,153.25,3.393
11/14/2016,12.31,4.98,7.125,8,209.034,153.19,3.343
11/11/2016,12.06,5.04,7.115,8.01,209.678,153.16,3.33
11/10/2016,11.99,5.04,7.151,8.03,209.877,153.78,3.3
11/9/2016,11.59,4.99,7.135,8.04,209.517,155.03,3.29
11/8/2016,11.29,4.99,7.092,8.04,209.517,154.28,3.326
11/7/2016,11.43,5.12,7.08,8.08,210.938,154.41,3.335
11/4/2016,11.57,5.21,7.045,8.07,212.741,155.16,3.367
11/3/2016,11.65,5.36,7.02,8.05,212.574,156.22,3.37
11/1/2016,11.54,5.36,7.02,8.042,212.518,156.97,3.384
10/31/2016,11.47,5.48,7.015,8.07,212.773,162.09,3.406
10/28/2016,11.43,5.61,6.965,8.07,212.773,162.59,3.35
10/27/2016,11.42,5.61,6.995,8.1,212.301,163.34,3.342
10/26/2016,11.31,5.71,6.95,8.18,211.16,162.72,3.308
10/25/2016,11.175,5.71,6.975,8.17,212.025,163.25,3.27
10/24/2016,11.065,5.71,6.975,8.13,212.488,163.06,3.247
10/21/2016,11.19,5.71,6.99,8.06,212.485,162.72,3.226
10/20/2016,11.09,5.71,7.03,8.06,212.485,162.19,3.215
10/19/2016,11.17,5.73,6.98,8.026,211.341,162.44,3.205
10/18/2016,11.33,5.73,6.985,8.038,212.319,163.94,3.176
10/17/2016,11.38,5.65,6.435,8.1,213.719,164.69,3.166
10/15/2016,11.42,5.62,6.93,7.984,213.715,164.31,3.17
10/14/2016,11.42,5.47,6.905,7.954,213.712,164.81,3.166
10/13/2016,11.43,5.47,6.94,7.954,213.712,164.66,3.167
10/11/2016,11.45,5.66,6.94,8.131,213.712,164.22,3.158
10/10/2016,11.37,5.66,6.97,8.048,214.025,164.28,3.146
10/7/2016,11.45,5.59,6.93,8.01,213.597,163.94,3.152
10/6/2016,11.5,5.64,6.95,7.85,215.23,163.22,3.156
10/5/2016,11.49,5.59,6.975,7.82,215.121,164.97,3.152
10/4/2016,11.69,5.59,6.975,7.82,215.865,164.09,3.119
10/3/2016,11.53,5.63,7.1,7.9,215.865,164.34,3.083
9/30/2016,11.63,5.63,7.1,7.96,215.862,164.16,3.154
9/29/2016,11.74,5.74,6.88,7.92,216.452,164.91,3.174
9/28/2016,11.69,5.63,6.55,7.82,216.008,165.06,3.174
9/27/2016,11.76,5.61,6.46,7.8,214.878,165.72,3.18
9/26/2016,11.92,5.73,6.46,7.8,216.001,166.44,3.188
9/25/2016,11.87,5.7,6.505,7.82,216.001,168.06,3.188
9/24/2016,11.87,5.7,6.46,7.67,213.308,168.16,3.192
9/23/2016,11.87,5.61,6.46,7.67,212.731,169.62,3.192
9/22/2016,11.89,5.46,6.485,7.62,209.156,169.25,3.186
9/21/2016,12.04,5.46,6.43,7.69,209.351,169.44,3.194
9/20/2016,12.22,5.63,6.43,7.69,214.384,168.25,3.208
9/19/2016,12.25,5.46,6.425,7.61,214.384,167.81,3.233
9/17/2016,12.23,5.46,6.465,7.61,217.261,167.5,3.234
9/16/2016,12.23,5.37,6.425,7.702,218.452,167.34,3.24
9/15/2016,12.29,5.33,6.435,7.75,218.716,167.53,3.236
9/14/2016,12.49,5.31,6.416,7.72,220.927,167.25,3.232
9/13/2016,12.52,5.52,6.42,7.72,220.31,167.19,3.238
9/12/2016,12.29,5.57,6.41,7.58,220.31,166.94,3.268
9/9/2016,12.28,5.57,6.41,7.58,220.31,167.41,3.268
9/8/2016,12.09,5.63,6.425,7.596,220.585,166.81,3.268
9/6/2016,12,5.55,6.42,7.644,221.814,168.34,3.292
9/5/2016,12.05,5.68,6.413,7.65,222.143,168.38,3.294
9/2/2016,12.06,5.71,6.4,7.65,221.632,169.91,3.292
9/1/2016,12.05,5.62,6.425,7.66,219.674,172.19,3.296
8/31/2016,12.11,5.62,6.395,7.64,219.674,172.12,3.313
8/30/2016,12.19,5.53,6.355,7.68,217.751,169.17,3.28
8/29/2016,12.05,5.8,6.38,7.69,218.456,169.3,3.28
8/26/2016,12.21,5.7,6.385,7.77,218.447,170.97,3.31
8/25/2016,12,5.34,6.405,7.77,219.322,171.94,3.301
8/24/2016,12.08,5.43,6.405,7.8,220.093,171.84,3.312
8/23/2016,11.98,5.43,6.445,7.8,220.093,171.78,3.315
8/22/2016,11.82,5.52,6.375,7.73,221.941,172.09,3.323
8/19/2016,11.79,5.28,6.405,7.68,221.428,170.31,3.334
8/18/2016,11.91,5.12,6.54,7.7,221.701,171.72,3.341
8/17/2016,11.79,5.12,6.555,7.7,222.946,172.25,3.338
8/16/2016,11.85,5.08,6.525,7.38,223.918,172.44,3.331
8/15/2016,11.83,5.21,6.525,7.39,223.918,172.38,3.326
8/14/2016,11.9,5.33,6.49,7.44,224.841,171.09,3.329
8/13/2016,11.9,5.07,6.49,7.61,227.009,171.91,3.327
8/12/2016,11.9,5.15,6.485,7.597,225.995,171.59,3.333
8/11/2016,11.93,5.15,6.48,7.58,225.76,171.09,3.328
8/10/2016,11.82,5.04,6.475,7.58,226.344,171.75,3.3
8/9/2016,11.77,5.07,6.515,7.43,226.344,172.97,3.31
8/8/2016,11.87,4.97,6.525,7.102,226.399,171.78,3.318
8/6/2016,11.82,4.97,6.55,6.69,226.396,173.47,3.313
8/5/2016,11.82,5.01,6.506,6.75,225.272,172.72,3.288
8/4/2016,11.85,5.01,6.545,6.81,225.036,171.66,3.29
8/3/2016,11.97,4.9,6.525,6.81,224.684,171.56,3.26
8/2/2016,11.93,4.87,6.475,6.87,224.684,173.16,3.243
8/1/2016,11.87,4.74,6.38,6.94,225.674,172.16,3.224
7/29/2016,11.83,4.72,6.38,6.94,227.086,172.34,3.195
7/28/2016,11.92,4.82,6.405,6.77,226.307,173.59,3.215
7/27/2016,11.95,4.82,6.415,6.782,226.187,174.44,3.253
7/26/2016,11.98,4.43,6.405,6.782,225.538,173.34,3.253
7/25/2016,11.98,4.38,6.495,6.74,225.538,173.22,3.253
7/22/2016,11.97,4.32,6.525,6.68,225.535,171.88,3.268
7/21/2016,11.855,4.44,6.48,6.728,225.473,171.56,3.272
7/20/2016,11.815,4.62,6.505,6.608,225.582,171.62,3.327
7/19/2016,11.995,4.62,6.43,6.607,225.285,171.47,3.355
7/18/2016,11.95,4.54,6.465,6.598,225.632,171.47,3.368
7/15/2016,11.99,4.62,6.355,6.617,225.632,172.22,3.368
7/14/2016,11.97,4.7,6.325,6.6,226.335,171.56,3.37
7/13/2016,12,4.62,6.325,6.577,225.335,171.66,3.37
7/12/2016,12.13,4.62,6.345,6.56,224.102,173,3.357
7/11/2016,12.05,4.62,6.325,6.578,225.029,174.97,3.38
7/8/2016,12.1,4.62,6.335,6.578,225.026,173.81,3.395
7/7/2016,12.28,4.7,6.355,6.79,225.026,175.69,3.403
7/6/2016,12.32,4.73,6.375,6.623,225.725,176.94,3.44
7/5/2016,12.27,4.77,6.355,6.582,225.604,176.25,3.438
7/4/2016,12.07,4.77,6.375,6.57,228.028,175.88,3.433
7/1/2016,12.2,4.72,6.355,6.629,228.206,176.25,3.385
6/30/2016,12.19,4.69,6.355,6.63,227.903,174.33,3.43
6/29/2016,12.15,5.01,6.355,6.632,227.903,174.17,3.494
6/28/2016,12.14,5.01,6.39,6.677,229.227,173.69,3.512
6/27/2016,12.27,4.93,6.375,6.604,228.019,172.34,3.52
6/24/2016,12.43,4.76,6.4,6.52,225.222,173,3.513
6/23/2016,12.44,4.76,6.395,6.55,226.043,173.09,3.522
6/22/2016,12.63,4.84,6.37,6.55,227.166,173.16,3.514
6/21/2016,12.65,4.84,6.405,6.52,227.166,169.97,3.505
6/20/2016,12.74,4.72,6.425,6.55,224.572,166.09,3.526
6/17/2016,12.765,4.72,6.38,6.53,224.569,167.72,3.52
6/16/2016,12.85,4.62,6.405,6.61,224.968,169.31,3.523
6/15/2016,12.86,4.67,6.378,6.6,221.793,169.47,3.542
6/14/2016,12.77,4.58,6.465,6.6,221.791,170.59,3.546
6/13/2016,12.71,4.58,6.425,6.6,221.791,171.62,3.558
6/10/2016,12.67,4.5,6.38,6.53,221.901,170.66,3.55
6/9/2016,12.44,4.23,6.375,6.61,220.548,170.38,3.54
6/8/2016,12.41,4.41,6.375,6.65,223.934,170.22,3.562
6/7/2016,12.48,4.36,6.505,6.67,222.789,169.78,3.568
6/6/2016,12.42,4.33,6.395,6.6,224.504,168.97,3.56
6/3/2016,12.58,4.33,6.37,6.6,224.504,168.28,3.57
6/2/2016,12.815,4.33,6.485,6.6,227.901,167.91,3.544
6/1/2016,13.01,4.35,6.45,6.55,230.06,167.53,3.49
5/31/2016,13.05,4.35,6.475,6.57,225.359,168,3.478
5/30/2016,12.95,4.22,6.471,6.56,224.486,166.06,3.484
5/27/2016,13.12,4.16,6.505,6.54,225.587,164.94,3.484
5/25/2016,12.93,4.2,6.475,6.54,225.587,164.72,3.474
5/24/2016,12.82,4.2,6.495,6.41,229.139,162.64,3.482
5/23/2016,12.85,4.22,6.45,6.36,230.528,164.31,3.498
5/20/2016,12.565,4.22,6.407,6.35,232.118,164.56,3.516
5/19/2016,12.735,4.53,6.485,6.37,232.611,163.59,3.534
5/18/2016,12.89,4.53,6.605,6.365,235.117,164.06,3.542
5/17/2016,12.57,4.75,6.65,6.37,236.071,164.47,3.559
5/16/2016,12.415,4.83,6.645,6.38,236.517,164.25,3.554
5/14/2016,12.35,4.92,6.695,6.365,236.704,164.34,3.554
5/13/2016,12.35,4.92,6.596,6.331,234.472,163.25,3.554
5/12/2016,12.28,5.1,6.596,6.305,235.995,165.75,3.56
5/11/2016,12.4,5.19,6.835,6.294,235.995,165.56,3.573
5/10/2016,12.555,5.11,6.79,6.294,234.657,166.72,3.573
5/9/2016,12.815,5,6.845,6.319,234.15,165.44,3.568
5/6/2016,12.65,5,6.795,6.318,234.142,166.19,3.558
5/5/2016,12.61,4.82,6.775,6.37,235.281,165.56,3.558
5/4/2016,12.715,4.9,6.8,6.34,234.328,165.47,3.558
5/3/2016,12.51,4.9,6.785,6.324,234.328,165.03,3.558
5/2/2016,12.45,4.93,6.805,6.324,232.447,165.41,3.554
4/30/2016,12.45,5.22,6.805,6.3,232.445,164.38,3.572
4/29/2016,12.45,5.38,6.815,6.317,229.739,163.84,3.558
4/28/2016,12.775,5.42,6.75,6.346,230.527,162.19,3.544
4/27/2016,12.61,5.56,6.72,6.41,232.495,163.31,3.538
4/26/2016,12.815,5.56,6.72,6.433,232.495,162.75,3.476
4/25/2016,12.79,5.66,6.775,6.433,231.441,162.69,3.534
4/22/2016,12.92,5.74,6.795,6.433,234.559,161.22,3.514
4/20/2016,12.95,5.89,6.82,6.434,236.597,161.94,3.508
4/19/2016,12.98,5.98,6.845,6.485,238.608,162.47,3.518
4/18/2016,12.96,5.98,6.975,6.46,240.054,162.69,3.518
4/15/2016,13.015,5.98,7.035,6.444,240.054,163.41,3.502
4/14/2016,13.055,6,7.075,6.469,241.053,165.06,3.524
4/13/2016,13.1,5.98,7.048,6.469,240.25,165.38,3.528
4/12/2016,13.49,5.98,7.115,6.521,240.047,166.12,3.518
4/11/2016,13.605,5.97,7.125,6.52,239.647,165.31,3.498
4/8/2016,13.825,5.96,7.105,6.472,240.308,165.88,3.494
4/7/2016,14.19,5.96,7.035,6.451,240.308,165.03,3.494
4/6/2016,14.22,5.89,7.025,6.431,239.777,166.09,3.52
4/5/2016,14.05,5.78,6.96,6.43,243.815,166.19,3.528
4/4/2016,14.07,5.93,6.975,6.4,244.84,167,3.537
4/1/2016,13.8,5.96,6.955,6.38,245.67,165.34,3.468
3/31/2016,14,6,6.855,6.39,245.668,166.22,3.398
3/30/2016,13.67,6,6.795,6.38,245.668,164.66,3.404
3/29/2016,13.63,6.09,6.845,6.445,249.625,164.38,3.384
3/28/2016,13.91,6.04,6.82,6.39,249.699,164.44,3.378
3/24/2016,14.085,6.04,6.865,6.42,249.408,163.47,3.388
3/23/2016,14.035,6.18,6.82,6.445,252.088,164.5,3.412
3/22/2016,13.71,6.18,6.845,6.405,252.527,163.53,3.446
3/21/2016,13.92,6.41,6.825,6.53,252.527,163.03,3.394
3/18/2016,14.07,6.59,6.9,6.452,252.527,163.5,3.404
3/17/2016,14.09,6.85,6.925,6.53,254.154,161.91,3.44
3/16/2016,14.665,7.09,6.975,6.53,256.184,163.53,3.404
3/15/2016,14.71,7.47,6.875,6.452,254.751,164.56,3.374
3/14/2016,14.32,7.47,6.975,6.37,253.261,164.06,3.364
3/11/2016,14.34,7.47,6.875,6.384,251.277,162.84,3.343
3/10/2016,14.53,7.43,6.945,6.35,251.277,163.03,3.344
3/9/2016,14.57,7.42,6.975,6.336,249.327,162.81,3.344
3/8/2016,14.93,7.61,7.025,6.336,252.598,162.56,3.34
3/7/2016,14.96,7.61,6.995,6.43,255.121,163.72,3.355
3/4/2016,14.66,7.61,7.035,6.43,251.42,164.19,3.366
3/3/2016,15.18,7.87,6.95,6.438,249.249,165.28,3.378
3/2/2016,15.51,7.94,7.055,6.45,249.249,163.66,3.415
3/1/2016,15.7,7.93,6.955,6.42,243.637,163.59,3.392
2/29/2016,15.935,7.93,6.875,6.42,240.994,164.81,3.42
2/26/2016,15.98,7.93,6.885,6.501,240.185,164,3.42
2/25/2016,15.85,7.8,7.085,6.559,240.183,163.69,3.412
2/24/2016,15.61,7.92,7.127,6.63,242.187,165.88,3.456
2/23/2016,15.63,7.92,7.145,6.68,242.187,165.62,3.452
2/22/2016,15.52,7.92,7.095,6.698,247.773,167.34,3.472
2/19/2016,15.69,7.91,7.155,6.69,243.887,166.69,3.488
2/18/2016,15.89,7.91,7.205,6.754,242.179,166.75,3.492
2/17/2016,15.905,8.62,7.275,6.8,241.104,166.19,3.457
2/16/2016,16.09,8.25,7.59,6.78,239.443,166.59,3.495
2/15/2016,16.02,8.25,7.625,6.78,239.443,166.09,3.533
2/14/2016,16.09,8.25,7.67,6.818,237.609,164.56,3.527
2/12/2016,16.09,8.62,7.695,6.81,237.353,165.72,3.499
2/11/2016,16.04,8.39,7.725,6.85,238.252,165.89,3.503
2/10/2016,15.92,8.39,7.575,6.85,237.016,166.24,3.509
2/5/2016,16.104,8.06,7.5,6.94,235.663,166.47,3.547
2/4/2016,16.04,8.06,7.4,6.82,235.663,168.34,3.539
2/3/2016,15.85,8.06,7.395,6.82,235.979,167.06,3.556
2/2/2016,15.95,8.05,7.475,6.82,235.344,166.12,3.574
2/1/2016,15.76,8.05,7.545,6.74,237.261,166.03,3.549
1/29/2016,16,7.96,7.595,6.781,235.778,163.25,3.529
1/28/2016,16.295,7.96,7.5,6.875,236.223,162.75,3.551
1/27/2016,16.52,7.79,7.5,6.92,236.223,162.38,3.523
1/26/2016,16.475,8.38,7.675,6.877,235.389,163.03,3.533
1/25/2016,16.76,8.38,7.575,6.877,233.995,160.53,3.533
1/22/2016,16.7,8.49,7.5,6.916,234.617,161.03,3.539
1/21/2016,16.62,8.41,7.5,6.88,234.742,160.06,3.541
1/20/2016,16.63,8.41,7.475,6.904,234.993,160,3.524
1/19/2016,16.445,8.37,7.63,6.891,234.993,160.16,3.559
1/18/2016,16.275,8.45,7.685,6.85,233.849,159.62,3.561
1/15/2016,16.35,8.63,7.625,6.88,233.161,159.03,3.559
1/14/2016,16.25,8.48,7.574,6.87,233.525,159.56,3.619
1/13/2016,16.085,8.48,7.79,6.92,233.02,160.44,3.609
1/12/2016,16.185,8.48,7.725,6.91,233.837,159.38,3.563
1/11/2016,16.185,8.18,7.81,6.89,235.676,158.89,3.571
1/10/2016,16.19,8.17,7.825,6.79,236.451,159.25,3.613
1/8/2016,16.19,8.17,7.845,6.801,236.054,159.12,3.623
1/7/2016,16.105,8.62,7.84,6.79,238.127,157.47,3.583
1/6/2016,15.925,8.16,7.865,6.769,238.716,158.53,3.56
1/5/2016,16.05,8.16,7.825,6.73,238.716,157.56,3.504
1/4/2016,16.405,8.16,7.93,6.716,237.797,155.78,3.526
12/31/2015,16.49,8.27,7.905,6.64,237.793,156.38,3.536
12/30/2015,16.49,8.26,7.905,6.62,237.779,156,3.524
12/29/2015,16.41,8.26,8,6.62,237.775,155.59,3.504
12/28/2015,16.335,8.26,7.925,6.62,234.303,153.69,3.474
12/24/2015,16.36,8.6,8.07,6.64,234.303,154.25,3.479
12/23/2015,16.425,8.49,8.05,6.65,234.299,153.75,3.453
12/22/2015,16.4,8.33,8.075,6.631,231.854,153.25,3.519
12/21/2015,16.38,8.42,8.03,6.638,234.297,153.28,3.564
12/18/2015,16.145,8.29,8.03,6.638,229.934,155.62,3.583
12/17/2015,15.94,8.29,8.065,6.63,234.609,155.06,3.603
12/16/2015,16.15,8.36,8.055,6.59,234.609,154.25,3.603
12/15/2015,15.945,8.32,8.105,6.58,238.49,155.06,3.644
12/14/2015,15.945,8.13,8.14,6.56,237.379,157.91,3.673
12/11/2015,15.88,8.17,8.14,6.521,234.469,157.72,3.653
12/10/2015,15.72,8.17,8.14,6.521,232.388,157.25,3.643
12/9/2015,15.505,8.02,8.125,6.53,230.956,155.91,3.649
12/8/2015,15.685,7.99,8.175,6.58,230.956,156.09,3.659
12/7/2015,15.57,8,8.165,6.57,230.399,156.81,3.649
12/4/2015,15.575,7.91,8.125,6.62,229.972,158.59,3.659
12/3/2015,15.68,7.91,8.125,6.665,230.45,156.47,3.654
12/2/2015,15.6,7.91,8.045,6.665,230.079,156.84,3.701
12/1/2015,15.76,7.82,8.135,6.65,229.403,156.22,3.714
11/30/2015,15.815,7.6,8.115,6.56,228.793,156.69,3.734
11/27/2015,15.76,7.6,8.175,6.52,227.467,155.19,3.764
11/26/2015,15.57,7.56,8.1,6.52,229.696,153.5,3.793
11/25/2015,15.47,7.56,8.155,6.5,230.614,157.5,3.807
11/24/2015,15.22,7.28,8.125,6.5,229.384,157.22,3.823
11/23/2015,15.17,6.77,8.085,6.59,229.384,155.41,3.839
11/22/2015,15.2,6.77,8.095,6.63,222.519,155.25,3.804
11/20/2015,15.2,6.77,8.045,6.62,224.137,154.14,3.809
11/19/2015,15.257,6.77,7.965,6.7,223.717,155.28,3.804
11/18/2015,15.45,6.77,7.92,6.722,223.773,155,3.807
11/17/2015,15.51,6.76,7.975,6.722,223.885,154.94,3.839
11/16/2015,15.49,6.76,7.92,6.728,223.885,154.44,3.833
11/13/2015,15.53,6.76,7.92,6.706,223.246,154.69,3.84
11/12/2015,15.43,6.81,7.9,6.67,226.943,153.84,3.853
11/11/2015,15.495,6.81,7.945,6.69,228.911,153.84,3.855
11/10/2015,15.63,6.64,7.905,6.76,226.983,153.25,3.849
11/9/2015,15.63,6.9,7.925,6.75,226.976,153.38,3.869
11/6/2015,15.68,6.76,7.895,6.75,226.976,152.84,3.857
11/5/2015,15.53,6.76,7.83,6.71,219.138,152.03,3.833
11/4/2015,15.57,6.7,7.83,6.79,216.126,152.59,3.853
11/3/2015,15.7,6.7,7.83,6.819,214.871,152.09,3.876
10/30/2015,15.89,6.67,7.875,6.846,211.859,152.31,3.871
10/29/2015,15.905,6.67,7.855,6.83,209.896,154.09,3.857
10/28/2015,15.825,6.64,7.765,6.84,209.896,154.69,3.857
10/27/2015,15.705,6.64,7.885,6.85,210.506,154.62,3.863
10/26/2015,15.895,6.64,7.82,6.81,213.16,155.75,3.849
10/23/2015,15.95,6.63,7.82,6.76,223.587,156.44,3.863
10/22/2015,15.82,6.58,7.875,6.764,212.402,155.84,3.85
10/21/2015,15.79,6.57,7.8,6.75,210.737,158.12,3.859
10/20/2015,15.8,6.57,7.8,6.75,210.737,158.53,3.857
10/19/2015,15.84,6.57,7.8,6.78,208.287,158.03,3.899
10/18/2015,15.81,6.71,7.8,6.93,207.184,157.16,3.909
10/16/2015,15.81,6.7,7.8,7.002,206.868,158.44,3.823
10/15/2015,15.77,6.7,7.8,6.97,203.878,158.41,3.843
10/14/2015,16.06,6.7,7.8,6.942,203.824,157.28,3.863
10/13/2015,15.99,6.7,7.8,6.942,203.824,158.38,3.809
10/9/2015,15.68,6.84,7.8,6.961,204.349,158.94,3.783
10/8/2015,15.39,6.84,7.5,6.96,200.821,158.72,3.789
10/7/2015,15.57,7.04,7.5,6.94,197.94,159.59,3.779
10/6/2015,15.245,7.12,7.565,6.9,197.525,157.84,3.759
10/5/2015,15.23,7.12,7.545,6.924,195.857,157.81,3.759
10/3/2015,15.23,6.93,7.505,6.924,195.857,156.91,3.793
10/2/2015,15.23,6.97,7.47,6.968,195.94,156.41,3.81
10/1/2015,15.54,6.97,7.49,6.93,195.226,157.66,3.793
9/30/2015,15.47,6.97,7.545,6.899,193.625,157.81,3.793
9/29/2015,16.08,6.88,7.51,6.879,190.067,157.25,3.804
9/28/2015,16.055,6.88,7.535,6.886,190.439,158.81,3.834
9/27/2015,16.757,6.73,7.575,6.886,190.439,157.81,3.884
9/25/2015,15.905,6.67,7.585,6.828,193.519,157.34,3.844
9/24/2015,16.757,6.59,7.55,6.82,193.513,157.91,3.844
9/23/2015,16.85,6.46,7.575,6.83,194.413,157.53,3.843
9/22/2015,16.25,6.46,7.585,6.76,193.882,155.44,3.903
9/21/2015,15.93,6.45,7.464,6.778,193.788,156.69,3.889
9/18/2015,15.89,6.64,7.464,6.77,193.788,155.62,3.869
9/17/2015,15.365,6.32,7.525,6.74,193.826,155.75,3.863
9/16/2015,15.17,6.34,7.575,6.83,193.866,155.31,3.904
9/15/2015,15.15,6.37,7.715,6.897,193.671,157.25,3.899
9/14/2015,15.195,6.37,7.65,6.901,195.874,154.56,3.907
9/11/2015,15.31,6.45,7.675,6.94,193.834,153.25,3.907
9/10/2015,15.38,6.44,7.61,6.94,193.834,153.88,3.886
9/9/2015,14.965,6.36,7.59,6.94,189.464,156.44,3.909
9/8/2015,14.98,6.36,7.715,6.97,190.384,156.28,3.903
9/5/2015,15.165,6.25,7.715,6.91,189.565,155.28,3.903
9/4/2015,15.165,6.17,7.755,6.969,189.183,156.16,3.89
9/3/2015,14.775,6.17,7.73,6.93,189.093,155.44,3.849
9/2/2015,14.795,6.23,7.73,6.88,189.093,155.42,3.849
9/1/2015,14.555,6.23,7.775,6.88,189.093,155.57,3.815
8/31/2015,14.28,6.05,7.68,6.83,188.755,157.31,3.829
8/28/2015,13.865,6.26,7.635,6.892,188.294,155.97,3.84
8/27/2015,13.935,8.3,7.625,6.88,187.902,155.5,3.815
8/26/2015,13.98,8.18,7.595,6.86,188.266,156.12,3.829
8/25/2015,14.165,8.17,7.49,6.861,186.783,156.12,3.84
8/24/2015,14.165,8.17,7.575,6.861,187.225,156.72,3.848
8/22/2015,13.965,8.24,7.705,6.94,189.08,156.88,3.848
8/21/2015,13.965,8.12,7.568,6.986,188.726,156.03,3.862
8/20/2015,13.81,8.23,7.575,7,188.18,157.72,3.882
8/19/2015,13.745,7.81,7.559,7.02,188.173,160.91,3.848
8/18/2015,13.69,8.11,7.705,7.028,188.173,160.19,3.832
8/17/2015,13.69,8.11,7.725,7.028,187.303,160.09,3.832
8/15/2015,13.565,9.33,7.775,7.05,186.361,158.81,3.832
8/14/2015,13.565,9.23,7.855,7.09,186.178,157.72,3.841
8/13/2015,13.525,9.42,7.875,7.014,185.412,159.09,3.911
8/12/2015,13.475,9.62,7.85,7.041,185.366,158.12,3.902
8/11/2015,13.68,9.72,7.85,7.009,185.366,157.91,3.942
8/10/2015,13.71,9.72,7.925,7.009,185.359,158.62,3.958
8/8/2015,13.82,9.62,8.025,6.918,185.352,158.81,3.971
8/7/2015,13.82,9.46,8.045,6.874,185.054,156.78,3.996
8/6/2015,13.76,9.41,8.015,6.89,185.366,158.53,4.006
8/5/2015,13.36,9.41,8.005,6.9,185.202,156.72,3.991
8/4/2015,13.185,9.4,8.035,6.898,185.202,155.66,3.976
8/3/2015,13.185,9.4,8.045,6.898,185.313,156.88,3.983
8/1/2015,12.98,9.4,8.045,6.898,185.387,157.59,3.974
7/31/2015,12.98,9.5,7.975,6.9,185.367,155.94,3.984
7/30/2015,13.01,9.49,8.015,6.89,185.32,155.16,4.009
7/29/2015,13.165,9.49,8.085,6.91,184.759,154.38,3.993
7/28/2015,13.095,9.54,8.055,6.91,184.759,154.88,3.983
7/27/2015,13.075,9.54,8,7.006,182.248,155.19,3.963
7/25/2015,13.105,9.69,8,6.98,181.895,154.59,3.964
7/24/2015,13.105,9.59,8,6.98,181.836,154.47,3.974
7/23/2015,13.06,9.48,8,7.01,181.753,153.19,3.966
7/22/2015,12.47,9.58,8.025,6.93,181.478,152.31,3.954
7/21/2015,12.345,9.48,7.995,6.922,181.478,151.75,3.96
7/20/2015,12.53,9.48,7.945,6.949,181.547,152.09,3.924
7/18/2015,12.6,9.57,7.875,6.93,181.005,151.34,3.914
7/17/2015,12.6,9.27,8.005,6.93,180.378,150.84,3.924
7/16/2015,12.6,9.36,8.045,6.91,179.768,149.53,3.944
7/15/2015,12.53,9.36,8.08,6.92,179.761,149.16,3.944
7/14/2015,12.59,9.35,8.06,6.87,179.761,149.09,3.98
7/13/2015,12.61,9.35,8.06,6.909,180.282,151.59,3.984
7/10/2015,12.62,9.45,8.06,6.9,180.087,154.12,3.99
7/9/2015,12.64,9.39,8.06,6.91,180.709,153.5,3.97
7/8/2015,12.66,9.44,7.985,7,180.664,152.06,3.956
7/7/2015,12.61,9.44,7.985,7.05,180.544,150.18,3.978
7/6/2015,12.63,9.44,8.055,7.121,180.544,149.19,3.978
7/3/2015,12.53,9.38,8.075,7.122,180.544,148.84,4
7/2/2015,12.52,9.38,8.045,7.11,180.613,150.84,4
7/1/2015,12.68,9.38,7.955,7.06,180.303,150.91,3.99
6/30/2015,12.63,9.38,7.855,6.98,179.866,147.56,3.979
6/29/2015,12.645,9.38,7.86,6.99,179.896,149.56,3.964
6/26/2015,12.585,9.14,7.79,6.93,179.889,149.84,3.959
6/25/2015,12.71,9.04,7.83,6.92,179.889,148.81,3.964
6/24/2015,12.55,9.04,7.845,6.91,179.889,149.72,4.02
6/23/2015,12.535,9.04,7.805,6.948,179.838,153.59,4.1
6/22/2015,12.54,9.03,7.725,6.852,179.838,151.25,4.089
6/20/2015,12.62,9.03,7.54,6.83,179.97,152.56,4.089
6/19/2015,12.62,9.12,7.515,6.885,180.302,152.94,4.074
6/18/2015,12.58,9.07,7.521,6.89,179.956,152.12,4.074
6/17/2015,12.67,9.11,7.44,6.89,179.956,152,4.079
6/16/2015,12.735,9.16,7.365,6.87,180.214,151.88,4.079
6/15/2015,12.78,9.14,7.365,6.898,180.169,149.47,4.084
6/12/2015,12.6,9.04,7.395,6.847,180.452,150.66,4.079
6/11/2015,12.705,8.99,7.375,6.814,179.801,151.56,4.059
6/10/2015,12.685,9,7.315,6.829,180.706,151.25,4.043
6/9/2015,12.455,9.01,7.345,6.829,180.706,152.91,4.079
6/8/2015,12.46,9.22,7.285,6.82,180.966,151.25,4.086
6/7/2015,12.555,9.22,7.275,6.84,181.074,153.31,4.121
6/5/2015,12.555,9.03,7.26,6.87,181.168,154.97,4.093
6/3/2015,12.46,9.03,7.295,6.89,181.162,157.19,4.104
6/2/2015,12.385,9.02,7.305,6.888,181.541,156.34,4.071
6/1/2015,12.31,8.88,7.28,6.88,181.541,156.56,4.051
5/30/2015,12.255,9.02,7.325,6.88,181.843,156.22,4.046
5/29/2015,12.255,9.02,7.21,6.923,181.99,152.82,4.037
5/28/2015,12.28,9.01,7.315,6.93,181.661,152.44,4.044
5/27/2015,12.39,9.06,7.15,6.9,181.308,153.78,4.044
5/26/2015,12.25,8.96,7.245,6.92,181.486,154.41,4.054
5/25/2015,12.275,9.01,7.215,6.87,181.486,152.72,4.064
5/22/2015,12.345,9.01,7.225,6.86,180.903,153,4.064
5/21/2015,12.375,9.62,7.295,6.83,181.381,153.47,4.054
5/20/2015,12.415,9.92,7.355,6.86,181.374,155.59,4.046
5/19/2015,12.55,10.14,7.41,6.83,181.599,153,4.046
5/18/2015,12.58,10.05,7.275,6.79,181.599,152.56,4.06
5/16/2015,12.46,9.96,7.335,6.798,181.599,153.59,4.033
5/15/2015,12.46,9.96,7.415,6.8,181.285,153.19,4.054
5/14/2015,12.59,9.96,7.425,6.79,181.858,156.22,4.104
5/13/2015,12.735,10.04,7.505,6.75,181.954,155.97,4.156
5/12/2015,12.795,9.95,7.525,6.74,181.676,154.31,4.164
5/11/2015,12.78,9.86,7.52,6.75,181.67,156.06,4.16
5/9/2015,12.69,10,7.568,6.74,181.67,156.78,4.164
5/8/2015,12.69,10.06,7.55,6.73,181.315,157.62,4.164
5/7/2015,12.92,9.95,7.52,6.72,180.769,159.59,4.189
5/6/2015,12.96,9.95,7.5,6.75,180.903,159.88,4.187
5/5/2015,12.93,9.83,7.437,6.72,181.203,161.47,4.165
5/4/2015,12.905,9.83,7.37,6.691,180.927,162.84,4.168
4/30/2015,12.8,9.95,7.425,6.677,180.927,162.56,4.223
4/29/2015,12.665,10,7.375,6.677,180.155,162.03,4.226
4/28/2015,12.675,10,7.345,6.68,179.578,161.47,4.186
4/27/2015,12.64,10,7.345,6.707,180.471,163.38,4.171
4/24/2015,12.665,9.95,7.315,6.69,179.893,163.78,4.147
4/23/2015,12.595,10.04,7.305,6.78,180.996,165.47,4.193
4/22/2015,12.595,10.03,7.305,6.76,180.996,164.12,4.192
4/20/2015,12.655,9.81,7.245,6.743,180.996,164.09,4.203
4/17/2015,12.61,9.8,7.21,6.74,180.797,164.38,4.202
4/16/2015,12.59,9.8,7.225,6.72,180.331,163.47,4.118
4/15/2015,12.51,9.8,7.21,6.75,180.31,163.5,4.118
4/14/2015,12.51,9.8,7.2,6.75,180.303,163.25,4.114
4/13/2015,12.64,10.2,7.19,6.79,180.297,164.94,4.108
4/10/2015,12.54,10.25,7.19,6.78,180.297,164.62,4.216
4/9/2015,12.65,10.28,7.19,6.79,178.664,163.75,4.217
4/8/2015,12.58,10.25,7.225,6.86,178.286,165.75,4.26
4/7/2015,12.755,10.25,7.215,6.89,178.451,164.56,4.295
4/6/2015,12.735,10.33,7.245,6.91,178.668,165.81,4.318
4/2/2015,12.85,10.24,7.265,6.93,178.587,163.88,4.317
4/1/2015,12.855,9.83,7.175,6.93,178.587,163.47,4.315
3/31/2015,13.055,9.83,7.215,6.93,179.031,164.41,4.284
3/30/2015,13.12,9.83,7.215,6.93,179.138,162.41,4.2
3/27/2015,13.23,9.9,7.13,6.875,179.419,164.53,4.17
3/26/2015,13.215,10.02,7.195,6.88,178.958,165.25,4.147
3/25/2015,13.065,10.28,7.225,6.8,178.913,164.03,4.205
3/24/2015,13.12,10.52,7.185,6.817,178.913,148.59,4.258
3/23/2015,13.125,11.04,7.145,6.77,177.896,147.97,4.253
3/20/2015,13.175,11.04,7.11,6.77,177.815,148.16,4.23
3/19/2015,13.3,11.28,7.11,6.82,177.906,146.66,4.19
3/18/2015,13.01,11.32,7.135,6.93,178.01,145.84,4.156
3/17/2015,13.135,11.31,7.105,6.93,178.04,145.69,4.13
3/16/2015,13.41,11.58,7.085,6.91,177.772,145.69,4.126
3/13/2015,13.435,11.58,7.125,6.836,178.589,145.72,4.134
3/12/2015,13.37,11.58,7.08,6.84,178.604,145.25,4.143
3/11/2015,13.205,11.45,7.126,6.814,179.353,144.19,4.12
3/10/2015,13.22,11.39,7.126,6.81,178.968,143.38,4.11
3/9/2015,13.35,11.34,7.125,6.845,178.773,145.47,4.092
3/6/2015,12.985,11.6,7.145,6.79,177.866,145.34,4.047
3/5/2015,12.85,11.59,7.082,6.79,177.771,145.16,4.012
3/4/2015,12.765,11.59,7.115,6.79,177.096,145.81,4.002
3/3/2015,12.57,11.59,7.087,6.79,177.347,147.03,4.092
3/2/2015,12.46,11.59,7.145,6.82,177.081,146.81,4.067
2/27/2015,12.43,11.98,7.1,6.76,177.78,146.88,4.023
2/26/2015,12.65,12.1,7.125,6.719,176.61,146.16,3.993
2/25/2015,12.715,12.39,7,6.712,176.713,145.34,3.97
2/24/2015,12.625,12.36,7.14,6.71,176.449,144.03,3.973
2/23/2015,12.79,12.36,7.025,6.74,176.075,144.31,3.951
2/21/2015,12.955,12.36,7.095,6.82,177.434,144.81,3.926
2/20/2015,12.955,12.23,7.025,6.77,177.822,144.09,3.94
2/19/2015,12.83,12.19,6.925,6.76,177.218,145.74,3.93
2/18/2015,12.77,12.35,6.925,6.735,177.361,145.07,3.921
2/13/2015,12.59,12.56,6.895,6.73,176.946,145.91,3.918
2/12/2015,12.58,12.56,6.825,6.68,177.237,146.81,3.929
2/11/2015,12.82,12.56,6.825,6.69,177.548,146.91,3.929
2/10/2015,12.69,12.6,6.865,6.71,177.43,146.88,3.932
2/9/2015,12.61,13.06,6.895,6.67,177.908,147.59,3.936
2/6/2015,12.48,13.06,6.775,6.65,177.865,147.66,3.913
2/5/2015,12.36,13.06,6.845,6.65,177.634,148.88,3.913
2/4/2015,12.205,12.91,6.795,6.67,176.425,149.44,3.948
2/3/2015,12.11,12.91,6.795,6.64,175.941,149.28,3.935
2/2/2015,12.18,12.91,6.805,6.688,175.934,150.84,3.959
2/1/2015,11.97,12.99,6.755,6.71,175.413,151.28,3.933
1/30/2015,11.97,13.05,6.785,6.67,175.736,150.41,3.98
1/29/2015,11.85,13.04,6.725,6.67,175.167,151.19,3.972
1/28/2015,11.81,13.18,6.765,6.72,175.269,149.53,3.995
1/27/2015,11.775,13.18,6.75,6.735,175.994,149.59,4.017
1/26/2015,11.78,13.23,6.695,6.69,176.06,149.84,4.006
1/23/2015,11.74,13.22,6.725,6.67,177.015,148.5,4.006
1/22/2015,11.92,13.16,6.705,6.7,175.153,149.09,3.993
1/21/2015,11.77,13.07,6.725,6.7,175.365,149.84,3.989
1/20/2015,11.88,13.07,6.745,6.73,175.175,149.76,4.004
1/19/2015,12.165,13.1,6.722,6.78,174.515,149.32,4.005
1/16/2015,12.03,13.02,6.755,6.79,175.6,149.53,4.013
1/15/2015,12.16,13.01,6.805,6.8,176.388,150.09,4.019
1/14/2015,12.24,13.08,6.845,6.84,176.381,149.41,4.021
1/13/2015,12.26,13,6.775,6.83,175.178,148.62,4.017
1/12/2015,12.3,13,6.775,6.84,175.171,148.44,4.053
1/9/2015,12.185,13,6.775,6.871,175.561,147.53,4.097
1/8/2015,12.34,13.1,6.82,6.836,175.72,146.91,4.075
1/7/2015,12.375,13.39,6.82,6.801,176.918,148.19,4.128
1/6/2015,12.25,13.44,6.875,6.775,175.925,148.16,4.172
1/5/2015,12.28,13.18,6.82,6.77,175.157,146.97,4.166
1/2/2015,12.335,13.38,6.905,6.76,174.431,145.5,4.163
12/31/2014,12.425,13.38,6.65,6.73,174.125,144.32,4.163
12/30/2014,12.425,13.29,6.65,6.76,173.976,144.56,4.164
12/28/2014,12.41,13.08,6.775,6.76,174.003,144.28,4.156
12/26/2014,12.41,13.21,6.65,6.782,173.64,144,4.158
12/24/2014,12.5,13.21,6.65,6.77,174.06,143.38,4.155
12/23/2014,12.48,13.36,6.725,6.74,174.147,143.3,4.155
12/22/2014,12.55,13.36,6.65,6.71,172.443,143.16,4.155
12/19/2014,12.57,13.36,6.655,6.78,172.997,142.88,4.158
12/18/2014,12.625,13.36,6.625,6.82,172.92,144.59,4.167
12/17/2014,12.84,13.25,6.5,6.872,173.726,145.78,4.154
12/16/2014,12.79,13.26,6.5,6.87,174.562,145.19,4.154
12/15/2014,12.7,13.04,6.445,6.91,174.592,146.16,4.123
12/14/2014,12.635,13.04,6.35,6.92,175.161,147.22,4.178
12/12/2014,12.635,13.04,6.35,6.85,174.289,146.53,4.235
12/11/2014,12.59,12.78,6.425,6.85,175.473,146.62,4.246
12/10/2014,12.51,12.78,6.347,6.918,174.728,145.53,4.286
12/9/2014,12.28,12.77,6.393,6.91,174.938,145.38,4.267
12/8/2014,12.21,12.66,6.405,6.918,175.111,144.59,4.272
12/5/2014,12.11,12.66,6.445,6.87,175.321,144,4.297
12/4/2014,12.04,12.91,6.38,6.84,176.116,142.97,4.267
12/3/2014,12.01,12.9,6.38,6.85,177.424,143.28,4.229
12/2/2014,12.02,12.91,6.42,6.83,177.677,142.72,4.229
12/1/2014,11.87,12.91,6.425,6.76,176.522,142.53,4.22
11/30/2014,11.825,12.91,6.375,6.76,174.334,143.53,4.264
11/28/2014,11.825,12.7,6.215,6.82,174.111,144.06,4.277
11/27/2014,11.885,12.58,6.215,6.86,174.377,142.36,4.269
11/26/2014,11.96,12.91,6.235,6.87,176.518,143.44,4.127
11/25/2014,12.055,13.11,6.275,6.86,176.29,142.97,4.09
11/24/2014,12.055,13.1,6.25,6.85,176.208,142.06,4.065
11/21/2014,12.41,13.1,6.295,6.85,178.697,142,4.044
11/20/2014,12.75,13.2,6.35,6.83,178.675,141.56,4.054
11/19/2014,12.78,13.3,6.275,6.91,178.668,141.22,4.055
11/18/2014,12.943,13.09,6.225,6.92,178.661,141.69,4.055
11/17/2014,12.995,13.09,6.205,6.92,179.68,141.38,4.053
11/16/2014,12.948,13.08,6.175,6.99,180.328,141.69,4.037
11/14/2014,12.948,13.08,6.195,6.99,180.307,141.25,4.035
11/13/2014,12.96,13.08,6.15,6.99,180.492,141.12,4.168
11/12/2014,12.9,13.08,6.15,6.87,181.38,140.72,4.159
11/11/2014,12.825,13.08,6.172,6.86,180.983,140.97,4.143
11/10/2014,12.645,12.85,6.172,6.83,181.445,141.66,4.144
11/7/2014,12.675,12.85,6.175,6.8,181.618,140.66,4.18
11/6/2014,12.72,12.85,6.218,6.73,182.162,141.09,4.164
11/5/2014,12.29,12.85,6.25,6.73,181.762,141.25,4.115
11/4/2014,12.375,12.8,6.396,6.73,180.55,141.06,4.115
11/3/2014,12.21,12.8,6.43,6.69,179.621,141.09,4.08
10/31/2014,12.07,12.6,6.705,6.67,178.761,141.56,4.036
10/30/2014,12.215,12.46,6.705,6.72,178.224,141.38,4.053
10/29/2014,12.365,12.47,6.75,6.68,178.634,141.53,4.12
10/28/2014,12.17,12.47,6.775,6.69,178.098,141.97,4.15
10/27/2014,12.49,12.5,6.745,6.67,178.243,141.72,4.156
10/24/2014,12.09,12.59,6.74,6.62,177.844,141.72,4.192
10/23/2014,12.23,12.36,6.765,6.66,178.214,142.41,4.248
10/22/2014,12.095,12.49,6.785,6.68,178.624,142.69,4.279
10/21/2014,11.965,12.77,6.805,6.6,180.456,143.09,4.268
10/20/2014,11.665,12.77,6.795,6.6,179.334,142.91,4.252
10/17/2014,11.465,12.58,6.825,6.74,179.62,143.41,4.297
10/16/2014,11.645,12.59,6.79,6.77,179.998,144.38,4.328
10/15/2014,11.6,12.58,6.79,6.76,179.453,142.69,4.35
10/14/2014,11.29,12.58,6.7,6.72,182.762,142.03,4.446
10/13/2014,11.195,12.54,6.785,6.64,182.241,141.28,4.439
10/10/2014,11.57,12.54,6.825,6.64,182.262,140.81,4.412
10/9/2014,11.51,12.56,6.775,6.73,180.725,140.66,4.459
10/8/2014,11.505,12.55,6.775,6.81,181.068,140.59,4.498
10/7/2014,11.585,12.73,6.8,6.73,182.916,139.38,4.498
10/6/2014,11.81,12.36,6.755,6.64,178.477,139.22,4.508
10/3/2014,12.18,12.31,6.735,6.55,175.436,139,4.617
10/2/2014,12.45,12.31,6.72,6.55,174.741,139.62,4.664
10/1/2014,12.53,12.35,6.68,6.52,174.234,137.91,4.669
9/30/2014,12.34,12.28,6.693,6.5,174.559,138.31,4.66
9/29/2014,11.82,12.28,6.74,6.46,173.298,137.62,4.648
9/27/2014,11.88,12.1,6.645,6.43,172.112,137.81,4.647
9/26/2014,11.88,11.81,6.775,6.45,173.84,136.84,4.657
9/25/2014,11.815,11.81,6.73,6.46,175.677,137.41,4.65
9/24/2014,11.765,11.91,6.67,6.51,174.979,136.75,4.648
9/23/2014,11.915,11.76,6.67,6.49,173.213,137.91,4.63
9/22/2014,11.885,11.75,6.566,6.49,173.369,137.16,4.63
9/19/2014,11.59,11.83,6.535,6.41,175.635,137.38,4.63
9/18/2014,11.615,11.75,6.43,6.41,176.03,137.47,4.654
9/17/2014,11.48,11.75,6.425,6.4,175.876,137.56,4.627
9/16/2014,11.48,11.66,6.475,6.41,177.499,137.28,4.607
9/15/2014,11.615,11.58,6.495,6.4,176.401,138.72,4.635
9/13/2014,11.82,11.58,6.48,6.47,175.953,138.62,4.704
9/12/2014,11.82,11.5,6.475,6.48,175.179,139.16,4.728
9/11/2014,11.43,11.57,6.465,6.48,176.197,139.41,4.792
9/10/2014,11.55,11.57,6.445,6.42,174.187,139.38,4.791
9/9/2014,11.435,11.57,6.512,6.31,174.454,139.62,4.803
9/8/2014,11.35,11.81,6.512,6.31,171.745,140.38,4.811
9/5/2014,11.18,11.62,6.52,6.44,174.44,140.12,4.811
9/4/2014,11.15,11.76,6.541,6.46,176.111,139.86,4.806
9/3/2014,11.18,12.05,6.64,6.44,176.142,141.53,4.808
9/2/2014,10.93,12.05,6.65,6.49,176.121,141.72,4.84
9/1/2014,11.07,11.96,6.68,6.55,177.826,141.16,4.808
8/31/2014,11.215,12.04,6.644,6.51,179.794,140.53,4.795
8/29/2014,11.215,11.95,6.67,6.51,178.453,140.72,4.788
8/28/2014,11.28,11.99,6.67,6.47,175.837,140.44,4.783
8/27/2014,11.385,11.97,6.68,6.4,178.805,140.06,4.777
8/26/2014,11.535,11.97,6.69,6.31,181.462,139.69,4.772
8/25/2014,11.62,12.05,6.645,6.29,181.338,139.78,4.772
8/22/2014,11.685,11.8,6.67,6.32,180.942,140.16,4.773
8/21/2014,11.87,11.51,6.67,6.32,181.052,141.03,4.778
8/20/2014,11.695,11.62,6.74,6.56,179.984,140.06,4.775
8/19/2014,11.645,11.87,6.695,6.52,179.516,139.47,4.783
8/18/2014,11.63,11.87,6.675,6.7,179.818,138.97,4.783
8/15/2014,11.73,12.03,6.59,6.81,181.169,139.41,4.784
8/14/2014,11.965,12.03,6.55,6.8,188.318,139.41,4.782
8/13/2014,12.075,12.03,6.58,6.8,189.831,139.25,4.779
8/12/2014,11.955,12.03,6.46,6.7,189.609,138.5,4.78
8/11/2014,11.97,12.03,6.515,6.62,189.091,138.38,4.786
8/10/2014,12.135,12.03,6.735,6.73,188.871,138.09,4.797
8/8/2014,12.135,11.95,6.795,6.71,188.316,137.94,4.802
8/7/2014,12.105,11.64,6.701,6.71,187.497,137.41,4.799
8/6/2014,12.065,12.3,6.58,6.71,186.489,137.5,4.804
8/5/2014,12.21,12.3,6.34,6.53,186.482,138.94,4.796
8/4/2014,12.06,12.03,6.425,6.49,188.193,138.28,4.796
8/2/2014,12.18,12.09,6.425,6.38,186.391,138.66,4.793
8/1/2014,12.18,12.08,6.5,6.37,185.832,137.88,4.79
7/31/2014,12.02,12.28,6.54,6.27,182.426,138.56,4.787
7/30/2014,11.94,12.37,6.67,6.27,182.578,138.56,4.791
7/29/2014,11.81,12.37,6.67,6.25,182.571,138.44,4.8
7/28/2014,11.745,12.37,6.525,6.24,182.564,138.06,4.791
7/27/2014,11.7,12.43,6.506,6.22,182.543,138.12,4.794
7/25/2014,11.7,12.42,6.506,6.24,181.546,137.16,4.79
7/24/2014,11.7,12.46,6.275,6.3,181.779,136.94,4.79
7/23/2014,11.65,12.56,6.275,6.3,182.249,136.91,4.788
7/22/2014,11.54,12.56,6.275,6.34,180.862,137.38,4.807
7/21/2014,11.67,12.43,6.565,6.33,179.908,137.09,4.807
7/20/2014,11.8,12.52,6.645,6.4,179.901,136.97,4.813
7/18/2014,11.8,12.6,6.65,6.36,179.277,136.59,4.823
7/17/2014,11.975,12.41,6.642,6.32,178.811,135.69,4.81
7/16/2014,11.96,12.41,6.729,6.32,178.042,135.18,4.81
7/15/2014,12.04,13.2,6.795,6.32,177.416,135,4.77
7/14/2014,12.055,12.94,6.68,6.39,177.146,135.25,4.77
7/12/2014,12.155,13.08,6.68,6.34,176.728,136.34,4.73
7/11/2014,12.155,13.03,6.614,6.26,177.246,137.19,4.69
7/10/2014,12.14,12.98,6.46,6.24,177.504,136.91,4.63
7/9/2014,12.09,12.98,7.22,6.24,175.951,137.16,4.64
7/8/2014,12.04,12.89,7.37,6.09,174.33,136.5,4.66
7/7/2014,12,12.92,7.445,6.08,174.579,136.03,4.66
7/4/2014,12.08,12.92,7.3,6.08,174.535,135.38,4.65
7/3/2014,12.04,12.76,7.3,5.91,175.888,135.34,4.64
7/2/2014,12.07,12.56,7.393,5.92,176.274,136.38,4.7
7/1/2014,12.01,12.56,7.812,5.92,176.045,136.47,4.66
6/30/2014,12.195,12.56,7.686,5.92,175.482,135.91,4.66
6/27/2014,12.16,12.6,7.73,5.87,175.403,136.78,4.66
6/26/2014,11.945,12.84,7.689,5.89,174.955,136.59,4.6
6/25/2014,12,12.84,7.24,5.91,174.494,136.66,4.58
6/24/2014,11.985,12.84,7.153,5.95,174.196,135.78,4.57
6/23/2014,12.012,12.94,7.17,5.95,174.188,135.84,4.58
6/20/2014,12.05,12.74,7.159,6.06,175.5,136.12,4.58
6/18/2014,11.975,12.57,7.089,6.16,174.322,136.28,4.58
6/17/2014,12.21,12.63,7.075,6.1,172.247,136.28,4.59
6/16/2014,12.03,12.77,6.85,6.11,174.111,136.03,4.56
6/13/2014,11.855,12.77,6.525,6.11,173.596,136.22,4.58
6/12/2014,11.99,12.79,6.355,6.11,171.517,137.19,4.57
6/11/2014,11.97,12.79,6.7,6.22,169.834,138.25,4.58
6/10/2014,12.075,12.81,6.52,6.31,171.208,138.44,4.62
6/9/2014,12.21,13.01,7.025,6.43,171.341,138.66,4.59
6/6/2014,12.04,12.8,7.225,6.4,170.457,137.38,4.6
6/5/2014,12.28,12.8,7.225,6.39,170.589,136.11,4.58
6/4/2014,12.355,12.79,7.145,6.39,171.215,136.94,4.58
6/3/2014,12.345,12.64,6.675,6.35,173.367,136.5,4.58
6/2/2014,12.225,12.63,6.675,6.41,168.55,136.69,4.57
5/30/2014,12.105,12.6,6.675,6.52,168.542,137.25,4.53
5/29/2014,12.155,12.58,6.02,6.59,165.979,136.97,4.52
5/28/2014,12.37,12.58,7,6.56,166.771,137.44,4.55
5/27/2014,12.425,12.4,4.98,6.56,166.948,137.59,4.58
5/26/2014,12.31,12.58,4.98,6.56,167.109,137.03,4.63
5/25/2014,12.33,12.43,4.92,6.56,167.169,135.88,4.6
5/23/2014,12.33,12.47,4.891,6.59,166.927,135.34,4.63
5/22/2014,12.29,12.47,5.1,6.59,167.189,135.75,4.63
5/21/2014,12.3,12.28,4.91,6.54,166.964,136.19,4.63
5/20/2014,12.395,12.36,5.07,6.54,166.288,136,4.69
5/19/2014,12.4,12.26,5.1,6.54,166.714,136.06,4.69
5/16/2014,12.42,12.08,5.16,6.6,166.606,135.72,4.69
5/15/2014,12.445,12.08,5.15,6.6,166.566,136.19,4.77
5/14/2014,12.37,12.03,5.15,6.56,166.242,135.69,4.73
5/13/2014,12.33,13.13,5.148,6.56,166.335,134.94,4.7
5/12/2014,12.34,13.13,4.99,6.56,166.327,134.38,4.68
5/9/2014,12.29,13.13,4.905,6.56,166.889,134.72,4.69
5/8/2014,12.29,13.13,4.905,6.71,166.412,134.94,4.7
5/7/2014,12.19,13.13,4.895,6.87,166.257,134.53,4.69
5/6/2014,12.26,12.06,4.728,7.03,166.416,134.47,4.71
5/5/2014,12.42,12.06,4.78,7.01,166.141,133.94,4.86
5/3/2014,12.39,12.29,4.78,6.95,166.436,133.72,4.9
5/2/2014,12.39,12.29,4.93,6.95,166.596,133.91,4.9
4/30/2014,12.44,12.29,4.9,6.96,167.211,134.88,4.9
4/29/2014,12.5,12.32,4.9,6.95,166.967,134.81,4.85
4/28/2014,12.47,12.51,4.95,6.98,166.792,134.5,4.9
4/25/2014,12.45,12.55,4.95,6.95,166.115,134.78,4.87
4/24/2014,12.45,12.69,4.952,6.94,165.51,134.44,4.88
4/23/2014,12.518,12.51,4.923,6.93,164.925,133.44,4.9
4/22/2014,12.63,12.51,5.25,6.93,164.918,133.66,4.88
4/17/2014,12.64,12.51,5.318,6.84,164.191,133.44,4.88
