Date,Price,Open,High,Low,Change %
12-Feb-18,9.955,9.955,9.955,9.955,0
9-Feb-18,9.955,9.85,9.995,9.825,0.91
8-Feb-18,9.865,9.8,10.077,9.74,0.97
7-Feb-18,9.77,9.8,9.83,9.73,-0.2
6-Feb-18,9.79,9.95,9.99,9.79,-0.81
5-Feb-18,9.87,9.96,9.96,9.81,0.41
2-Feb-18,9.83,9.845,9.855,9.73,1.44
1-Feb-18,9.69,9.765,9.785,9.645,-0.31
31-Jan-18,9.72,9.79,9.79,9.69,-0.72
30-Jan-18,9.79,9.85,9.85,9.75,0.1
29-Jan-18,9.78,9.8,9.81,9.74,0.72
26-Jan-18,9.71,9.73,9.78,9.64,-1.37
25-Jan-18,9.845,9.74,9.845,9.74,1.08
24-Jan-18,9.74,10.07,10.07,9.73,-2.79
23-Jan-18,10.02,9.96,10.04,9.91,1.01
22-Jan-18,9.92,9.88,9.94,9.87,0.2
19-Jan-18,9.9,9.875,9.91,9.81,0.61
18-Jan-18,9.84,9.97,9.97,9.84,-0.81
17-Jan-18,9.92,9.895,9.97,9.87,0
16-Jan-18,9.92,9.89,9.99,9.88,0
15-Jan-18,9.92,9.89,9.93,9.81,0.71
12-Jan-18,9.85,9.925,9.97,9.81,-0.71
11-Jan-18,9.92,10.01,10.03,9.91,-0.7
10-Jan-18,9.99,10.07,10.11,9.99,-0.4
9-Jan-18,10.03,10.045,10.055,9.995,0.15
8-Jan-18,10.015,10.065,10.065,10.015,-0.69
5-Jan-18,10.085,10.085,10.115,10.035,0.4
4-Jan-18,10.045,10.08,10.08,10.015,0.05
3-Jan-18,10.04,10.12,10.12,10.01,-0.4
2-Jan-18,10.08,10.29,10.32,10.07,-1.27
29-Dec-17,10.21,10.27,10.27,10.21,-0.58
28-Dec-17,10.27,10.39,10.39,10.22,-0.96
27-Dec-17,10.37,10.3,10.38,10.21,0.78
26-Dec-17,10.29,10.45,10.46,10.28,-0.96
22-Dec-17,10.39,10.36,10.41,10.34,0.1
21-Dec-17,10.38,10.525,10.525,10.35,-1
20-Dec-17,10.485,10.59,10.61,10.465,-0.8
19-Dec-17,10.57,10.5,10.66,10.48,0.48
18-Dec-17,10.52,10.345,10.53,10.315,1.11
16-Dec-17,10.405,10.405,10.405,10.405,0
15-Dec-17,10.405,10.345,10.405,10.32,0.53
14-Dec-17,10.35,10.36,10.38,10.28,0.83
13-Dec-17,10.265,10.25,10.285,10.225,-0.73
12-Dec-17,10.34,10.33,10.42,10.26,0.58
11-Dec-17,10.28,10.17,10.29,10.14,0.78
8-Dec-17,10.2,10.25,10.25,10.145,-0.49
7-Dec-17,10.25,10.16,10.38,10.16,1.08
6-Dec-17,10.14,10.3,10.3,10.14,-1.27
5-Dec-17,10.27,10.31,10.31,10.15,0.1
4-Dec-17,10.26,10.375,10.375,10.25,-0.87
1-Dec-17,10.35,10.45,10.45,10.31,-0.38
30-Nov-17,10.39,10.31,10.42,10.26,0.78
29-Nov-17,10.31,10.2,10.32,10.09,1.68
28-Nov-17,10.14,10.22,10.22,10.09,-0.29
27-Nov-17,10.17,10.21,10.24,10.085,-0.1
24-Nov-17,10.18,10.14,10.22,10.1,0.89
23-Nov-17,10.09,10.115,10.2,10.05,-0.2
22-Nov-17,10.11,10.08,10.19,10.075,-0.1
21-Nov-17,10.12,10.225,10.225,10.06,-0.49
20-Nov-17,10.17,10.17,10.17,10.17,-0.05
17-Nov-17,10.175,10.315,10.515,10.155,-1.21
16-Nov-17,10.3,10.495,10.675,10.29,-1.76
15-Nov-17,10.485,10.485,10.485,10.485,-0.19
14-Nov-17,10.505,10.345,10.515,10.235,2.14
13-Nov-17,10.285,10.3,10.39,10.2,0.64
10-Nov-17,10.22,10.075,10.27,10.05,1.39
9-Nov-17,10.08,10.08,10.13,10.01,0.4
8-Nov-17,10.04,10.095,10.12,10.01,-0.59
7-Nov-17,10.1,10.035,10.16,10.01,0.5
6-Nov-17,10.05,10.185,10.185,10.01,-1.33
3-Nov-17,10.185,9.995,10.19,9.995,2.36
1-Nov-17,9.95,9.88,9.95,9.88,0.51
31-Oct-17,9.9,9.87,10.07,9.805,0.2
30-Oct-17,9.88,9.76,9.89,9.76,1.44
29-Oct-17,9.74,9.74,9.74,9.74,0
27-Oct-17,9.74,9.91,9.99,9.74,-0.66
26-Oct-17,9.805,9.66,9.86,9.65,1.76
25-Oct-17,9.635,9.75,9.75,9.63,-0.67
24-Oct-17,9.7,9.73,9.76,9.65,-0.1
23-Oct-17,9.71,9.665,9.71,9.615,0.78
22-Oct-17,9.635,9.635,9.635,9.635,0
20-Oct-17,9.635,9.67,9.68,9.59,0.05
19-Oct-17,9.63,9.76,9.76,9.63,-0.82
18-Oct-17,9.71,9.785,9.785,9.705,-0.21
17-Oct-17,9.73,9.87,9.9,9.73,-1.12
16-Oct-17,9.84,9.83,9.87,9.79,0.2
13-Oct-17,9.82,9.89,9.89,9.76,-0.1
11-Oct-17,9.83,9.75,9.83,9.73,0.82
10-Oct-17,9.75,9.85,9.85,9.72,-0.61
9-Oct-17,9.81,9.82,9.86,9.73,0.72
6-Oct-17,9.74,9.895,10,9.72,-1.81
5-Oct-17,9.92,9.76,9.93,9.76,1.64
4-Oct-17,9.76,9.775,9.795,9.72,-0.36
3-Oct-17,9.795,9.695,9.805,9.675,0.62
2-Oct-17,9.735,9.795,9.875,9.685,-0.1
29-Sep-17,9.745,9.845,9.845,9.68,-0.41
28-Sep-17,9.785,9.87,9.885,9.735,-0.41
27-Sep-17,9.825,9.73,9.85,9.73,1.03
26-Sep-17,9.725,9.85,9.85,9.71,-0.46
25-Sep-17,9.77,9.645,9.81,9.645,1.14
22-Sep-17,9.66,9.63,9.71,9.62,0.31
21-Sep-17,9.63,9.88,9.88,9.63,-0.72
20-Sep-17,9.7,9.74,9.81,9.67,-0.36
19-Sep-17,9.735,9.83,9.83,9.72,-0.56
18-Sep-17,9.79,9.84,9.84,9.765,-0.31
15-Sep-17,9.82,9.78,9.84,9.76,0
14-Sep-17,9.82,10.02,10.03,9.77,-1.01
13-Sep-17,9.92,9.87,9.93,9.8,0.51
12-Sep-17,9.87,9.815,9.97,9.79,0.61
11-Sep-17,9.81,9.71,9.84,9.68,0.72
8-Sep-17,9.74,9.81,9.81,9.65,-0.71
6-Sep-17,9.81,9.89,9.91,9.78,-0.91
5-Sep-17,9.9,9.99,9.99,9.87,-0.85
4-Sep-17,9.985,10.025,10.035,9.98,-0.25
1-Sep-17,10.01,9.975,10.04,9.95,0.55
31-Aug-17,9.955,10.08,10.08,9.925,-1.48
30-Aug-17,10.105,10.07,10.105,10.035,0.1
29-Aug-17,10.095,10.06,10.26,10.05,-0.35
28-Aug-17,10.13,10.09,10.13,10.05,-0.2
25-Aug-17,10.15,10.15,10.15,10.04,0.59
24-Aug-17,10.09,10.21,10.4,10.04,-0.59
23-Aug-17,10.15,10.09,10.16,10.07,0
22-Aug-17,10.15,10.195,10.21,10.105,-0.64
21-Aug-17,10.215,10.105,10.245,10.055,0.89
18-Aug-17,10.125,10.26,10.27,10.085,-0.93
17-Aug-17,10.22,10.17,10.25,10.11,1.09
16-Aug-17,10.11,10.05,10.11,9.99,0.8
15-Aug-17,10.03,10.06,10.1,10.02,-0.3
14-Aug-17,10.06,10.2,10.2,10.02,-1.08
11-Aug-17,10.17,10.2,10.23,9.99,0.49
10-Aug-17,10.12,10.05,10.13,10.05,0.8
9-Aug-17,10.04,10.035,10.05,9.935,0.75
8-Aug-17,9.965,9.965,10.045,9.845,0.5
7-Aug-17,9.915,9.81,9.915,9.79,0.56
6-Aug-17,9.86,9.86,9.86,9.86,0
4-Aug-17,9.86,9.87,9.88,9.76,0
3-Aug-17,9.86,9.97,9.97,9.8,-0.2
2-Aug-17,9.88,10.115,10.125,9.88,-1.45
1-Aug-17,10.025,10.005,10.025,9.945,0.1
31-Jul-17,10.015,10.135,10.135,9.935,-0.3
28-Jul-17,10.045,10.045,10.055,9.955,0.4
27-Jul-17,10.005,10.005,10.025,9.875,-0.99
26-Jul-17,10.105,10.125,10.135,10.075,-0.59
25-Jul-17,10.165,10.145,10.165,10.035,0.99
24-Jul-17,10.065,10.11,10.11,10,0.15
21-Jul-17,10.05,10.165,10.165,9.945,-0.84
20-Jul-17,10.135,10.08,10.135,10.03,0.45
19-Jul-17,10.09,10.19,10.22,10.035,-0.59
18-Jul-17,10.15,10.28,10.28,10.13,-0.68
17-Jul-17,10.22,10.315,10.315,10.18,-1.02
16-Jul-17,10.325,10.325,10.325,10.325,0
14-Jul-17,10.325,10.38,10.4,10.205,-0.91
13-Jul-17,10.42,10.305,10.42,10.29,1.12
12-Jul-17,10.305,10.495,10.54,10.3,-2.09
11-Jul-17,10.525,10.59,10.59,10.46,-0.05
10-Jul-17,10.53,10.56,10.58,10.49,-0.94
7-Jul-17,10.63,10.5,10.63,10.465,1.24
6-Jul-17,10.5,10.5,10.5,10.5,-0.14
5-Jul-17,10.515,10.67,10.68,10.49,-0.33
4-Jul-17,10.55,10.7,10.7,10.45,0.48
3-Jul-17,10.5,10.49,10.54,10.44,-0.28
2-Jul-17,10.53,10.53,10.53,10.53,0
1-Jul-17,10.53,10.53,10.53,10.53,0
30-Jun-17,10.53,10.62,10.8,10.52,-1.5
29-Jun-17,10.69,10.62,10.71,10.48,0.66
28-Jun-17,10.62,10.84,10.84,10.61,-1.39
27-Jun-17,10.77,10.81,10.84,10.66,0.84
26-Jun-17,10.68,10.7,10.7,10.6,-1.48
25-Jun-17,10.84,10.84,10.84,10.84,0
23-Jun-17,10.84,10.81,10.84,10.655,1.07
22-Jun-17,10.725,10.625,10.735,10.57,0.94
21-Jun-17,10.625,10.625,10.625,10.625,0.62
20-Jun-17,10.56,10.465,10.645,10.375,1.78
19-Jun-17,10.375,10.52,10.57,10.355,-1.28
16-Jun-17,10.51,10.74,10.74,10.47,-1.27
14-Jun-17,10.645,10.78,10.78,10.59,-1.25
13-Jun-17,10.78,10.73,10.78,10.63,0.47
12-Jun-17,10.73,10.75,10.77,10.69,-1.56
9-Jun-17,10.9,10.79,10.93,10.73,-0.27
8-Jun-17,10.93,10.9,10.96,10.84,0.92
7-Jun-17,10.83,10.75,10.96,10.74,0.28
6-Jun-17,10.8,10.91,10.92,10.78,-1.46
5-Jun-17,10.96,10.95,11.03,10.84,0.74
2-Jun-17,10.88,10.94,10.94,10.705,0.83
1-Jun-17,10.79,10.73,10.82,10.66,0.47
31-May-17,10.74,10.87,10.88,10.71,-1.83
30-May-17,10.94,10.92,10.94,10.75,1.3
29-May-17,10.8,10.96,11.09,10.78,-1.05
26-May-17,10.915,10.89,10.95,10.72,-0.14
25-May-17,10.93,10.915,11.15,10.86,-4.96
24-May-17,11.5,11.5,11.5,11.5,0.97
23-May-17,11.39,11.92,12,11.27,-3.31
22-May-17,11.78,11.64,12.01,11.58,2.08
19-May-17,11.54,11.99,12.02,11.37,-1.62
18-May-17,11.73,10.06,11.73,10.06,17.07
17-May-17,10.02,9.96,10.03,9.895,-0.74
16-May-17,10.095,10.08,10.095,9.89,0.45
15-May-17,10.05,10.07,10.12,10.04,-0.3
12-May-17,10.08,10.17,10.17,10.06,-0.2
11-May-17,10.1,10.19,10.19,10.09,-0.69
10-May-17,10.17,10.165,10.25,10.115,0.05
9-May-17,10.165,10.2,10.25,10.16,-0.34
8-May-17,10.2,10.23,10.27,10.17,-0.68
7-May-17,10.27,10.27,10.27,10.27,0
5-May-17,10.27,10.32,10.32,10.18,-0.1
4-May-17,10.28,10.29,10.34,10.24,-0.1
3-May-17,10.29,10.295,10.305,10.14,0.64
2-May-17,10.225,10.335,10.365,10.185,-0.87
28-Apr-17,10.315,10.46,10.46,10.28,-0.82
27-Apr-17,10.4,10.31,10.4,10.26,-0.38
26-Apr-17,10.44,10.4,10.44,10.32,0.87
25-Apr-17,10.35,10.2,10.41,10.2,1.97
24-Apr-17,10.15,10.135,10.15,10.075,-0.25
22-Apr-17,10.175,10.175,10.175,10.175,0
20-Apr-17,10.175,10.265,10.265,10.095,-0.39
19-Apr-17,10.215,10.16,10.215,10.07,1.24
18-Apr-17,10.09,10.12,10.13,10.03,-0.2
17-Apr-17,10.11,10.12,10.18,10.09,-0.79
13-Apr-17,10.19,10.12,10.19,10.05,1.29
12-Apr-17,10.06,10.1,10.1,9.99,0.2
11-Apr-17,10.04,9.98,10.05,9.9,0.9
10-Apr-17,9.95,10,10.03,9.94,-1.29
7-Apr-17,10.08,10.09,10.13,9.98,-0.49
6-Apr-17,10.13,10.1,10.2,10.01,0.7
5-Apr-17,10.06,9.93,10.07,9.87,1.31
4-Apr-17,9.93,10.15,10.15,9.91,-0.7
3-Apr-17,10,10.11,10.11,9.99,-1.09
31-Mar-17,10.11,10.11,10.13,10.04,0.45
30-Mar-17,10.065,10.13,10.15,10.04,-0.54
29-Mar-17,10.12,10.2,10.2,10.08,-1.08
28-Mar-17,10.23,10.12,10.23,10.07,1.29
27-Mar-17,10.1,10.1,10.16,10.05,-0.59
26-Mar-17,10.16,10.16,10.16,10.16,0
24-Mar-17,10.16,10.23,10.27,10.075,-0.83
23-Mar-17,10.245,10.315,10.385,10.22,-0.77
22-Mar-17,10.325,10.295,10.325,10.21,1.08
21-Mar-17,10.215,10.325,10.325,10.165,-0.58
20-Mar-17,10.275,10.26,10.3,10.215,0.05
18-Mar-17,10.27,10.27,10.27,10.27,0
17-Mar-17,10.27,10.31,10.32,10.17,0.2
16-Mar-17,10.25,10.29,10.32,10.19,-0.34
15-Mar-17,10.285,10.405,10.435,10.185,-0.96
14-Mar-17,10.385,10.275,10.385,10.225,1.56
13-Mar-17,10.225,10.2,10.245,10.175,-0.54
10-Mar-17,10.28,10.38,10.38,10.23,-1.72
9-Mar-17,10.46,10.465,10.485,10.365,0.34
8-Mar-17,10.425,10.495,10.515,10.265,1.26
7-Mar-17,10.295,10.225,10.325,10.205,0.39
6-Mar-17,10.255,10.32,10.32,10.18,0.15
3-Mar-17,10.24,10.42,10.42,10.23,-1.54
2-Mar-17,10.4,10.23,10.4,10.17,1.86
1-Mar-17,10.21,10.31,10.31,10.2,-0.39
24-Feb-17,10.25,10.42,10.45,10.21,0.69
23-Feb-17,10.18,10.22,10.26,10.14,-1.07
22-Feb-17,10.29,10.42,10.42,10.26,-0.29
21-Feb-17,10.32,10.4,10.41,10.29,-0.86
20-Feb-17,10.41,10.41,10.41,10.37,-0.19
17-Feb-17,10.43,10.56,10.56,10.38,-0.29
16-Feb-17,10.46,10.47,10.5,10.34,0.97
15-Feb-17,10.36,10.41,10.43,10.325,-0.19
14-Feb-17,10.38,10.43,10.54,10.33,0.19
13-Feb-17,10.36,10.325,10.39,10.315,0.14
10-Feb-17,10.345,10.4,10.42,10.32,-0.43
9-Feb-17,10.39,10.39,10.44,10.35,-0.19
8-Feb-17,10.41,10.69,10.69,10.37,-0.62
7-Feb-17,10.475,10.585,10.785,10.465,-0.95
6-Feb-17,10.575,10.66,10.66,10.52,-0.33
3-Feb-17,10.61,10.91,10.91,10.57,-1.12
2-Feb-17,10.73,10.865,10.865,10.7,-1.33
1-Feb-17,10.875,11.105,11.105,10.875,-0.55
31-Jan-17,10.935,11.035,11.035,10.835,0.55
30-Jan-17,10.875,10.87,10.92,10.83,0.6
27-Jan-17,10.81,11.11,11.11,10.78,-1.55
26-Jan-17,10.98,10.91,11.01,10.81,0.73
25-Jan-17,10.9,10.83,10.9,10.83,0.65
24-Jan-17,10.83,10.89,10.91,10.79,-0.28
23-Jan-17,10.86,10.905,10.92,10.84,-0.87
20-Jan-17,10.955,11.01,11.01,10.9,-0.5
19-Jan-17,11.01,11.06,11.06,10.94,-0.72
18-Jan-17,11.09,11.18,11.18,10.995,0.54
17-Jan-17,11.03,11,11.08,10.91,0.09
16-Jan-17,11.02,11.06,11.06,11,-0.45
13-Jan-17,11.07,11.2,11.2,10.95,-0.09
12-Jan-17,11.08,11.29,11.29,10.99,-1.77
11-Jan-17,11.28,11.42,11.44,11.2,0.53
10-Jan-17,11.22,11.51,11.51,11.195,-0.88
9-Jan-17,11.32,11.39,11.41,11.32,-0.7
6-Jan-17,11.4,11.62,11.64,11.34,-0.26
5-Jan-17,11.43,11.64,11.72,11.31,0
4-Jan-17,11.43,11.31,11.46,11.21,1.24
3-Jan-17,11.29,11.33,11.33,11.23,0.36
2-Jan-17,11.25,11.63,11.63,11.24,-1.49
30-Dec-16,11.42,11.42,11.42,11.42,0
29-Dec-16,11.42,11.46,11.5,11.41,-0.35
28-Dec-16,11.46,11.725,11.725,11.425,-0.13
27-Dec-16,11.475,11.515,11.515,11.415,0.35
26-Dec-16,11.435,11.65,11.65,11.405,-0.48
23-Dec-16,11.49,11.56,11.56,11.42,0
22-Dec-16,11.49,11.63,11.68,11.48,-1.2
21-Dec-16,11.63,11.78,11.78,11.56,-1.27
20-Dec-16,11.78,11.98,11.98,11.74,-1.17
19-Dec-16,11.92,12.02,12.02,11.9,-1
16-Dec-16,12.04,12.06,12.06,11.92,-0.25
15-Dec-16,12.07,12.28,12.28,12.03,-0.58
14-Dec-16,12.14,12.055,12.14,11.93,0.37
13-Dec-16,12.095,12.135,12.135,11.805,1
12-Dec-16,11.975,12.095,12.095,11.915,0.67
9-Dec-16,11.895,11.8,11.93,11.69,0.89
8-Dec-16,11.79,11.95,12,11.75,-1.26
7-Dec-16,11.94,12.36,12.42,11.91,-2.05
6-Dec-16,12.19,12.27,12.27,12.02,1.08
5-Dec-16,12.06,12.31,12.31,12.03,-2.51
2-Dec-16,12.37,12.32,12.53,12.18,0.98
1-Dec-16,12.25,12.14,12.33,11.83,2.94
30-Nov-16,11.9,11.91,11.924,11.82,0
29-Nov-16,11.9,12.07,12.07,11.89,-1
28-Nov-16,12.02,12.32,12.32,11.99,-1.48
25-Nov-16,12.2,12.16,12.2,12.03,2.01
24-Nov-16,11.96,11.9,11.98,11.85,0.67
23-Nov-16,11.88,11.89,12.03,11.83,-0.25
22-Nov-16,11.91,11.93,11.97,11.8,-0.08
21-Nov-16,11.92,12.2,12.26,11.92,-2.3
18-Nov-16,12.2,12.22,12.22,11.99,0.99
17-Nov-16,12.08,12,12.1,11.82,0.83
16-Nov-16,11.98,12.16,12.32,11.93,-2.68
14-Nov-16,12.31,12.32,12.45,12.2,2.07
11-Nov-16,12.06,12.18,12.34,11.95,0.58
10-Nov-16,11.99,11.6,12.19,11.57,3.45
9-Nov-16,11.59,11.46,11.6,11.44,2.66
8-Nov-16,11.29,11.46,11.46,11.26,-1.22
7-Nov-16,11.43,11.45,11.45,11.34,-1.21
4-Nov-16,11.57,11.69,11.7,11.5,-0.69
3-Nov-16,11.65,11.79,11.79,11.52,0.95
1-Nov-16,11.54,11.42,11.59,11.38,0.61
31-Oct-16,11.47,11.41,11.47,11.35,0.35
28-Oct-16,11.43,11.43,11.48,11.29,0.09
27-Oct-16,11.42,11.33,11.44,11.22,0.97
26-Oct-16,11.31,11.26,11.31,11.16,1.21
25-Oct-16,11.175,11.145,11.21,10.985,0.99
24-Oct-16,11.065,11.16,11.22,11.04,-1.12
21-Oct-16,11.19,11.28,11.28,11.03,0.9
20-Oct-16,11.09,11.28,11.28,11.05,-0.72
19-Oct-16,11.17,11.37,11.37,11.14,-1.41
18-Oct-16,11.33,11.4,11.4,11.29,-0.44
17-Oct-16,11.38,11.48,11.48,11.35,-0.35
15-Oct-16,11.42,11.42,11.42,11.42,0
14-Oct-16,11.42,11.44,11.44,11.32,-0.09
13-Oct-16,11.43,11.46,11.51,11.41,-0.17
11-Oct-16,11.45,11.46,11.46,11.35,0.7
10-Oct-16,11.37,11.53,11.53,11.34,-0.7
7-Oct-16,11.45,11.6,11.68,11.36,-0.43
6-Oct-16,11.5,11.51,11.56,11.44,0.09
5-Oct-16,11.49,11.59,11.7,11.45,-1.71
4-Oct-16,11.69,11.65,11.69,11.47,1.39
3-Oct-16,11.53,11.62,11.62,11.44,-0.86
30-Sep-16,11.63,11.79,11.79,11.55,-0.94
29-Sep-16,11.74,11.87,11.9,11.555,0.43
28-Sep-16,11.69,11.78,11.78,11.645,-0.6
27-Sep-16,11.76,11.9,11.9,11.72,-1.34
26-Sep-16,11.92,11.91,11.97,11.89,0.42
25-Sep-16,11.87,11.87,11.87,11.87,0
24-Sep-16,11.87,11.87,11.87,11.87,0
23-Sep-16,11.87,11.85,11.91,11.77,-0.17
22-Sep-16,11.89,12.06,12.06,11.81,-1.25
21-Sep-16,12.04,12.215,12.215,12.01,-1.47
20-Sep-16,12.22,12.28,12.28,12.15,-0.24
19-Sep-16,12.25,12.23,12.28,12.2,0.16
17-Sep-16,12.23,12.23,12.23,12.23,0
16-Sep-16,12.23,12.27,12.35,12.22,-0.49
15-Sep-16,12.29,12.49,12.53,12.27,-1.6
14-Sep-16,12.49,12.55,12.6,12.355,-0.24
13-Sep-16,12.52,12.41,12.61,12.18,1.87
12-Sep-16,12.29,12.34,12.34,12.17,0.08
9-Sep-16,12.28,12.13,12.29,12.09,1.57
8-Sep-16,12.09,12.02,12.09,11.94,0.75
6-Sep-16,12,12.04,12.08,11.97,-0.41
5-Sep-16,12.05,12.02,12.06,11.97,-0.08
2-Sep-16,12.06,12.06,12.08,11.94,0.08
1-Sep-16,12.05,12.08,12.14,11.99,-0.5
31-Aug-16,12.11,12.17,12.21,12.08,-0.66
30-Aug-16,12.19,12.05,12.26,12.02,1.16
29-Aug-16,12.05,12.25,12.26,12.04,-1.31
26-Aug-16,12.21,12.02,12.28,11.92,1.75
25-Aug-16,12,12.04,12.07,11.98,-0.66
24-Aug-16,12.08,12.04,12.09,11.97,0.83
23-Aug-16,11.98,11.99,12.01,11.77,1.35
22-Aug-16,11.82,11.81,11.85,11.77,0.25
19-Aug-16,11.79,11.95,11.95,11.79,-1.01
18-Aug-16,11.91,11.82,11.91,11.78,1.02
17-Aug-16,11.79,11.9,11.9,11.775,-0.51
16-Aug-16,11.85,11.84,11.87,11.75,0.17
15-Aug-16,11.83,11.95,11.96,11.8,-0.59
14-Aug-16,11.9,11.9,11.9,11.9,0
13-Aug-16,11.9,11.9,11.9,11.9,0
12-Aug-16,11.9,12.07,12.07,11.81,-0.25
11-Aug-16,11.93,11.9,11.93,11.83,0.93
10-Aug-16,11.82,11.82,11.84,11.73,0.42
9-Aug-16,11.77,11.86,11.87,11.72,-0.84
8-Aug-16,11.87,11.84,11.9,11.8,0.42
6-Aug-16,11.82,11.82,11.82,11.82,0
5-Aug-16,11.82,11.81,11.86,11.75,-0.25
4-Aug-16,11.85,11.93,11.93,11.84,-1
3-Aug-16,11.97,12.02,12.09,11.93,0.34
2-Aug-16,11.93,11.85,11.98,11.81,0.51
1-Aug-16,11.87,11.81,11.87,11.77,0.34
29-Jul-16,11.83,11.92,11.95,11.79,-0.76
28-Jul-16,11.92,11.99,11.99,11.86,-0.25
27-Jul-16,11.95,12.03,12.05,11.925,-0.25
26-Jul-16,11.98,12.06,12.06,11.88,0
25-Jul-16,11.98,12.01,12.07,11.96,0.08
22-Jul-16,11.97,11.925,11.985,11.85,0.97
21-Jul-16,11.855,11.805,11.885,11.735,0.34
20-Jul-16,11.815,12.04,12.04,11.765,-1.5
19-Jul-16,11.995,12.03,12.03,11.9,0.38
18-Jul-16,11.95,12.1,12.13,11.87,-0.33
15-Jul-16,11.99,11.98,12,11.89,0.17
14-Jul-16,11.97,12.01,12.01,11.87,-0.25
13-Jul-16,12,12.15,12.16,11.97,-1.07
12-Jul-16,12.13,12.09,12.14,11.9,0.66
11-Jul-16,12.05,12.07,12.07,11.978,-0.41
8-Jul-16,12.1,12.18,12.24,12.02,-1.47
7-Jul-16,12.28,12.37,12.37,12.21,-0.32
6-Jul-16,12.32,12.48,12.48,12.27,0.41
5-Jul-16,12.27,12.31,12.31,12.07,1.66
4-Jul-16,12.07,12.26,12.27,12.03,-1.07
1-Jul-16,12.2,12.08,12.23,12.02,0.08
30-Jun-16,12.19,12.21,12.26,11.998,0.33
29-Jun-16,12.15,12.03,12.19,11.96,0.08
28-Jun-16,12.14,12.36,12.36,12.01,-1.06
27-Jun-16,12.27,12.47,12.47,12.25,-1.29
24-Jun-16,12.43,12.75,12.75,12.4,-0.08
23-Jun-16,12.44,12.55,12.56,12.4,-1.5
22-Jun-16,12.63,12.63,12.64,12.486,-0.16
21-Jun-16,12.65,12.68,12.7,12.55,-0.71
20-Jun-16,12.74,12.94,13.02,12.57,-0.2
17-Jun-16,12.765,12.78,12.8,12.71,-0.66
16-Jun-16,12.85,13.11,13.11,12.8,-0.08
15-Jun-16,12.86,12.77,12.97,12.67,0.7
14-Jun-16,12.77,12.79,12.84,12.64,0.47
13-Jun-16,12.71,12.75,12.83,12.41,0.32
10-Jun-16,12.67,12.56,12.71,12.49,1.85
9-Jun-16,12.44,12.55,12.55,12.34,0.24
8-Jun-16,12.41,12.36,12.47,12.34,-0.56
7-Jun-16,12.48,12.76,12.76,12.45,0.48
6-Jun-16,12.42,12.58,12.63,12.4,-1.27
3-Jun-16,12.58,12.93,12.93,12.55,-1.83
2-Jun-16,12.815,13.06,13.06,12.79,-1.5
1-Jun-16,13.01,13.02,13.14,12.93,-0.31
31-May-16,13.05,13.13,13.12,12.95,0.77
30-May-16,12.95,13.16,13.18,12.9,-1.3
27-May-16,13.12,13.27,13.27,12.95,1.47
25-May-16,12.93,12.87,13.12,12.74,0.86
24-May-16,12.82,13.3,13.3,12.67,-0.23
23-May-16,12.85,12.69,12.93,12.65,2.27
20-May-16,12.565,12.78,12.85,12.515,-1.33
19-May-16,12.735,12.95,13.02,12.72,-1.2
18-May-16,12.89,12.69,12.91,12.65,2.55
17-May-16,12.57,12.37,12.64,12.35,1.25
16-May-16,12.415,12.34,12.48,12.33,0.53
14-May-16,12.35,12.35,12.35,12.35,0
13-May-16,12.35,12.38,12.41,12.23,0.57
12-May-16,12.28,12.47,12.5,12.16,-0.97
11-May-16,12.4,12.5,12.55,12.22,-1.23
10-May-16,12.555,12.78,12.8,12.5,-2.03
9-May-16,12.815,12.76,13.33,12.66,1.3
6-May-16,12.65,12.7,12.74,12.6,0.32
5-May-16,12.61,13.09,13.09,12.57,-0.83
4-May-16,12.715,12.57,12.74,12.5,1.64
3-May-16,12.51,12.55,12.61,12.46,0.48
2-May-16,12.45,12.52,12.53,12.39,0
30-Apr-16,12.45,12.45,12.45,12.45,0
29-Apr-16,12.45,12.77,12.77,12.44,-2.54
28-Apr-16,12.775,12.7,12.78,12.49,1.31
27-Apr-16,12.61,12.8,12.83,12.54,-1.6
26-Apr-16,12.815,12.85,12.85,12.65,0.2
25-Apr-16,12.79,13.01,13.01,12.76,-1.01
22-Apr-16,12.92,13.02,13.07,12.91,-0.23
20-Apr-16,12.95,13.1,13.15,12.88,-0.23
19-Apr-16,12.98,12.99,12.99,12.78,0.15
18-Apr-16,12.96,12.67,12.99,12.67,-0.42
15-Apr-16,13.015,13.12,13.12,12.86,-0.31
14-Apr-16,13.055,13.16,13.3,12.96,-0.34
13-Apr-16,13.1,13.51,13.51,13.1,-2.89
12-Apr-16,13.49,13.63,13.67,13.42,-0.85
11-Apr-16,13.605,13.78,13.94,13.55,-1.59
8-Apr-16,13.825,14.36,14.36,13.77,-2.57
7-Apr-16,14.19,14.37,14.38,14.17,-0.21
6-Apr-16,14.22,14.21,14.44,14.13,1.21
5-Apr-16,14.05,14.11,14.14,14.05,-0.14
4-Apr-16,14.07,13.95,14.07,13.95,1.96
1-Apr-16,13.8,14.1,14.11,13.8,-1.43
31-Mar-16,14,13.82,14,13.813,2.41
30-Mar-16,13.67,13.6,13.67,13.553,0.29
29-Mar-16,13.63,13.78,13.802,13.63,-2.01
28-Mar-16,13.91,13.92,13.92,13.89,-1.24
24-Mar-16,14.085,14.16,14.16,14.085,0.36
23-Mar-16,14.035,13.9,14.035,13.87,2.37
22-Mar-16,13.71,13.79,14.12,13.71,-1.51
21-Mar-16,13.92,14.17,14.365,13.92,-1.07
18-Mar-16,14.07,14.2,14.2,14.041,-0.14
17-Mar-16,14.09,14.302,14.35,14.09,-3.92
16-Mar-16,14.665,15.09,15.09,14.64,-0.31
15-Mar-16,14.71,14.585,14.71,14.515,2.72
14-Mar-16,14.32,14.545,14.545,14.32,-0.14
11-Mar-16,14.34,14.495,14.495,14.34,-1.31
10-Mar-16,14.53,14.53,14.53,14.365,-0.27
9-Mar-16,14.57,14.67,14.67,14.525,-2.41
8-Mar-16,14.93,14.84,14.93,14.84,-0.2
7-Mar-16,14.96,14.83,15.02,14.774,2.05
4-Mar-16,14.66,14.535,14.66,14.535,-3.43
3-Mar-16,15.18,15.32,15.32,15.18,-2.13
2-Mar-16,15.51,15.62,15.62,15.51,-1.21
1-Mar-16,15.7,15.875,15.9,15.7,-1.47
29-Feb-16,15.935,15.91,16.01,15.8,-0.28
26-Feb-16,15.98,15.79,15.98,15.79,0.82
25-Feb-16,15.85,15.8,15.86,15.8,1.54
24-Feb-16,15.61,15.72,15.739,15.61,-0.13
23-Feb-16,15.63,15.49,15.63,15.46,0.71
22-Feb-16,15.52,15.52,15.52,15.52,-1.08
19-Feb-16,15.69,15.76,15.9,15.69,-1.26
18-Feb-16,15.89,15.95,15.95,15.816,-0.09
17-Feb-16,15.905,15.895,15.905,15.86,-1.15
16-Feb-16,16.09,15.95,16.09,15.91,0.44
15-Feb-16,16.02,16.02,16.02,15.95,-0.44
14-Feb-16,16.09,16.09,16.09,16.09,0
12-Feb-16,16.09,16.09,16.105,16.085,0.31
11-Feb-16,16.04,16.07,16.17,16.04,0.75
10-Feb-16,15.92,15.92,15.92,15.92,-1.14
5-Feb-16,16.104,16.185,16.185,16.104,0.4
4-Feb-16,16.04,15.66,16.04,15.66,1.2
3-Feb-16,15.85,16,16,15.85,-0.63
2-Feb-16,15.95,15.7,15.95,15.7,1.21
1-Feb-16,15.76,16.08,16.08,15.76,-1.5
29-Jan-16,16,16.06,16.06,15.98,-1.81
28-Jan-16,16.295,16.575,16.58,16.295,-1.36
27-Jan-16,16.52,16.485,16.52,16.455,0.27
26-Jan-16,16.475,16.73,16.73,16.475,-1.7
25-Jan-16,16.76,16.76,16.76,16.76,0.36
22-Jan-16,16.7,16.57,16.7,16.56,0.48
21-Jan-16,16.62,16.73,16.76,16.62,-0.06
20-Jan-16,16.63,16.7,16.703,16.58,1.12
19-Jan-16,16.445,16.393,16.47,16.393,1.04
18-Jan-16,16.275,16.34,16.34,16.275,-0.46
15-Jan-16,16.35,16.25,16.375,16.25,0.62
14-Jan-16,16.25,16.315,16.315,16.25,1.03
13-Jan-16,16.085,16.12,16.128,16.085,-0.62
12-Jan-16,16.185,16.17,16.185,16.115,0
11-Jan-16,16.185,16.17,16.185,16.085,-0.03
10-Jan-16,16.19,16.19,16.19,16.19,0
8-Jan-16,16.19,16.1,16.19,16.1,0.53
7-Jan-16,16.105,15.91,16.105,15.91,1.13
6-Jan-16,15.925,16.03,16.03,15.895,-0.78
5-Jan-16,16.05,16.39,16.39,16.04,-2.16
4-Jan-16,16.405,16.51,16.51,16.405,-0.52
31-Dec-15,16.49,16.49,16.49,16.49,0
30-Dec-15,16.49,16.46,16.49,16.36,0.49
29-Dec-15,16.41,16.385,16.41,16.353,0.46
28-Dec-15,16.335,16.319,16.335,16.319,-0.15
24-Dec-15,16.36,16.425,16.425,16.36,-0.4
23-Dec-15,16.425,16.38,16.425,16.29,0.15
22-Dec-15,16.4,16.36,16.4,16.305,0.12
21-Dec-15,16.38,16.22,16.38,16.14,1.46
18-Dec-15,16.145,16.12,16.205,16.01,1.29
17-Dec-15,15.94,16.075,16.075,15.93,-1.3
16-Dec-15,16.15,16.13,16.274,16.13,1.29
15-Dec-15,15.945,15.92,15.97,15.894,0
14-Dec-15,15.945,15.94,15.97,15.9,0.41
11-Dec-15,15.88,15.785,15.88,15.78,1.02
10-Dec-15,15.72,15.64,15.72,15.64,1.39
9-Dec-15,15.505,15.65,15.65,15.5,-1.15
8-Dec-15,15.685,15.72,15.72,15.62,0.74
7-Dec-15,15.57,15.535,15.575,15.525,-0.03
4-Dec-15,15.575,15.645,15.645,15.563,-0.67
3-Dec-15,15.68,15.465,15.68,15.445,0.51
2-Dec-15,15.6,15.635,15.635,15.593,-1.02
1-Dec-15,15.76,15.725,15.76,15.634,-0.35
30-Nov-15,15.815,15.86,15.86,15.8,0.35
27-Nov-15,15.76,15.61,15.76,15.58,1.22
26-Nov-15,15.57,15.57,15.595,15.552,0.65
25-Nov-15,15.47,15.46,15.47,15.4,1.64
24-Nov-15,15.22,15.14,15.22,15.14,0.33
23-Nov-15,15.17,15.19,15.219,15.17,-0.2
22-Nov-15,15.2,15.2,15.2,15.2,0
20-Nov-15,15.2,15.257,15.257,15.2,-0.37
19-Nov-15,15.257,15.35,15.35,15.257,-1.25
18-Nov-15,15.45,15.51,15.51,15.419,-0.39
17-Nov-15,15.51,15.515,15.52,15.45,0.13
16-Nov-15,15.49,15.51,15.51,15.417,-0.26
13-Nov-15,15.53,15.46,15.53,15.434,0.65
12-Nov-15,15.43,15.52,15.587,15.43,-0.42
11-Nov-15,15.495,15.51,15.51,15.415,-0.86
10-Nov-15,15.63,15.665,15.665,15.61,0
9-Nov-15,15.63,15.7,15.71,15.62,-0.32
6-Nov-15,15.68,15.62,15.763,15.62,0.97
5-Nov-15,15.53,15.51,15.6,15.51,-0.26
4-Nov-15,15.57,15.56,15.805,15.526,-0.83
3-Nov-15,15.7,15.9,15.9,15.7,-1.2
30-Oct-15,15.89,15.88,15.89,15.858,-0.09
29-Oct-15,15.905,15.8,15.94,15.8,0.51
28-Oct-15,15.825,15.67,15.825,15.67,0.76
27-Oct-15,15.705,15.88,15.88,15.68,-1.2
26-Oct-15,15.895,15.86,15.93,15.82,-0.34
23-Oct-15,15.95,15.81,15.95,15.81,0.82
22-Oct-15,15.82,15.73,15.82,15.73,0.19
21-Oct-15,15.79,15.88,15.93,15.79,-0.06
20-Oct-15,15.8,15.905,15.905,15.74,-0.25
19-Oct-15,15.84,15.889,15.905,15.84,0.19
18-Oct-15,15.81,15.81,15.81,15.81,0
16-Oct-15,15.81,15.725,15.825,15.725,0.25
15-Oct-15,15.77,15.88,15.903,15.77,-1.81
14-Oct-15,16.06,15.97,16.116,15.97,0.44
13-Oct-15,15.99,16.04,16.04,15.943,1.98
9-Oct-15,15.68,15.49,15.735,15.49,1.88
8-Oct-15,15.39,15.7,15.72,15.33,-1.16
7-Oct-15,15.57,15.23,15.62,15.2,2.13
6-Oct-15,15.245,15.405,15.405,15.245,0.1
5-Oct-15,15.23,15.21,15.37,15.21,0
3-Oct-15,15.23,15.23,15.23,15.23,0
2-Oct-15,15.23,15.455,15.455,15.23,-1.99
1-Oct-15,15.54,15.58,15.68,15.491,0.45
30-Sep-15,15.47,15.67,15.72,15.47,-3.79
29-Sep-15,16.08,15.87,16.08,15.87,0.16
28-Sep-15,16.055,16.055,16.055,16.055,-4.19
27-Sep-15,16.757,16.757,16.757,16.757,5.36
25-Sep-15,15.905,16.017,16.017,15.905,-5.08
24-Sep-15,16.757,16.757,16.757,16.757,-0.55
23-Sep-15,16.85,16.34,16.85,16.34,3.69
22-Sep-15,16.25,16.24,16.25,16.155,2.01
21-Sep-15,15.93,16.08,16.22,15.93,0.25
18-Sep-15,15.89,15.52,15.89,15.45,3.42
17-Sep-15,15.365,15.5,15.5,15.365,1.29
16-Sep-15,15.17,15.081,15.22,15.081,0.13
15-Sep-15,15.15,15.265,15.265,15.15,-0.3
14-Sep-15,15.195,15.285,15.29,15.19,-0.75
11-Sep-15,15.31,15.22,15.333,15.22,-0.46
10-Sep-15,15.38,15.34,15.38,15.34,2.77
9-Sep-15,14.965,14.95,14.97,14.87,-0.1
8-Sep-15,14.98,14.86,14.98,14.86,-1.22
5-Sep-15,15.165,15.165,15.165,15.165,0
4-Sep-15,15.165,15,15.165,14.93,2.64
3-Sep-15,14.775,14.99,15.05,14.71,-0.14
2-Sep-15,14.795,14.72,14.86,14.72,1.65
1-Sep-15,14.555,14.295,14.57,14.29,1.93
31-Aug-15,14.28,14.268,14.28,14.268,2.99
28-Aug-15,13.865,13.91,14.06,13.785,-0.5
27-Aug-15,13.935,13.935,13.935,13.91,-0.32
26-Aug-15,13.98,14.15,14.16,13.955,-1.31
25-Aug-15,14.165,14.15,14.18,14.045,0
24-Aug-15,14.165,14.26,14.26,14.138,1.43
22-Aug-15,13.965,13.965,13.965,13.965,0
21-Aug-15,13.965,13.935,13.965,13.875,1.12
20-Aug-15,13.81,13.86,13.86,13.79,0.47
19-Aug-15,13.745,13.755,13.755,13.715,0.4
18-Aug-15,13.69,13.665,13.69,13.62,0
17-Aug-15,13.69,13.565,13.69,13.565,0.92
15-Aug-15,13.565,13.565,13.565,13.565,0
14-Aug-15,13.565,13.5,13.565,13.435,0.3
13-Aug-15,13.525,13.45,13.62,13.45,0.37
12-Aug-15,13.475,13.615,13.615,13.45,-1.5
11-Aug-15,13.68,13.69,13.885,13.68,-0.22
10-Aug-15,13.71,13.8,13.8,13.67,-0.8
8-Aug-15,13.82,13.82,13.82,13.82,0
7-Aug-15,13.82,13.8,13.885,13.783,0.44
6-Aug-15,13.76,13.61,13.773,13.61,2.99
5-Aug-15,13.36,13.16,13.36,13.16,1.33
4-Aug-15,13.185,13.02,13.29,13.02,0
3-Aug-15,13.185,12.96,13.185,12.96,1.58
1-Aug-15,12.98,12.98,12.98,12.98,0
31-Jul-15,12.98,12.99,12.99,12.936,-0.23
30-Jul-15,13.01,13.015,13.015,12.981,-1.18
29-Jul-15,13.165,13.07,13.165,13.01,0.53
28-Jul-15,13.095,12.985,13.18,12.985,0.15
27-Jul-15,13.075,13.08,13.08,13.065,-0.23
25-Jul-15,13.105,13.105,13.105,13.105,0
24-Jul-15,13.105,13.23,13.23,13.105,0.34
23-Jul-15,13.06,13.01,13.06,13.01,4.73
22-Jul-15,12.47,12.33,12.52,12.33,1.01
21-Jul-15,12.345,12.51,12.51,12.33,-1.48
20-Jul-15,12.53,12.59,12.59,12.521,-0.56
18-Jul-15,12.6,12.6,12.6,12.6,0
17-Jul-15,12.6,12.63,12.635,12.6,0
16-Jul-15,12.6,12.54,12.6,12.535,0.56
15-Jul-15,12.53,12.62,12.63,12.53,-0.48
14-Jul-15,12.59,12.59,12.59,12.545,-0.16
13-Jul-15,12.61,12.6,12.638,12.6,-0.08
10-Jul-15,12.62,12.65,12.65,12.605,-0.16
9-Jul-15,12.64,12.66,12.66,12.64,-0.16
8-Jul-15,12.66,12.59,12.66,12.585,0.4
7-Jul-15,12.61,12.655,12.686,12.61,-0.16
6-Jul-15,12.63,12.51,12.63,12.51,0.8
3-Jul-15,12.53,12.5,12.55,12.495,0.08
2-Jul-15,12.52,12.59,12.6,12.52,-1.26
1-Jul-15,12.68,12.61,12.68,12.61,0.4
30-Jun-15,12.63,12.59,12.63,12.59,-0.12
29-Jun-15,12.645,12.74,12.74,12.589,0.48
26-Jun-15,12.585,12.605,12.605,12.585,-0.98
25-Jun-15,12.71,12.705,12.74,12.665,1.27
24-Jun-15,12.55,12.51,12.565,12.51,0.12
23-Jun-15,12.535,12.5,12.565,12.5,-0.04
22-Jun-15,12.54,12.565,12.59,12.54,-0.63
20-Jun-15,12.62,12.62,12.62,12.62,0
19-Jun-15,12.62,12.61,12.64,12.57,0.32
18-Jun-15,12.58,12.65,12.65,12.561,-0.71
17-Jun-15,12.67,12.72,12.775,12.64,-0.51
16-Jun-15,12.735,12.74,12.75,12.68,-0.35
15-Jun-15,12.78,12.6,12.78,12.6,1.43
12-Jun-15,12.6,12.47,12.705,12.47,-0.83
11-Jun-15,12.705,12.66,12.72,12.66,0.16
10-Jun-15,12.685,12.47,12.72,12.47,1.85
9-Jun-15,12.455,12.455,12.485,12.455,-0.04
8-Jun-15,12.46,12.425,12.46,12.425,-0.76
7-Jun-15,12.555,12.555,12.555,12.555,0
5-Jun-15,12.555,12.615,12.615,12.545,0.76
3-Jun-15,12.46,12.37,12.495,12.37,0.61
2-Jun-15,12.385,12.28,12.44,12.28,0.61
1-Jun-15,12.31,12.205,12.31,12.205,0.45
30-May-15,12.255,12.255,12.255,12.255,0
29-May-15,12.255,12.22,12.255,12.22,-0.2
28-May-15,12.28,12.41,12.48,12.28,-0.89
27-May-15,12.39,12.33,12.445,12.33,1.14
26-May-15,12.25,12.27,12.371,12.25,-0.2
25-May-15,12.275,12.33,12.33,12.27,-0.57
22-May-15,12.345,12.44,12.44,12.297,-0.24
21-May-15,12.375,12.4,12.47,12.29,-0.32
20-May-15,12.415,12.53,12.53,12.4,-1.08
19-May-15,12.55,12.63,12.63,12.51,-0.24
18-May-15,12.58,12.44,12.59,12.44,0.96
16-May-15,12.46,12.46,12.46,12.46,0
15-May-15,12.46,12.57,12.57,12.46,-1.03
14-May-15,12.59,12.72,12.727,12.59,-1.14
13-May-15,12.735,12.78,12.78,12.698,-0.47
12-May-15,12.795,12.83,12.88,12.795,0.12
11-May-15,12.78,12.67,12.78,12.67,0.71
9-May-15,12.69,12.69,12.69,12.69,0
8-May-15,12.69,12.88,12.88,12.69,-1.78
7-May-15,12.92,12.94,13,12.915,-0.31
6-May-15,12.96,12.9,13.015,12.9,0.23
5-May-15,12.93,12.84,12.93,12.84,0.19
4-May-15,12.905,12.78,12.92,12.78,0.82
30-Apr-15,12.8,12.75,12.89,12.75,1.07
29-Apr-15,12.665,12.65,12.685,12.63,-0.08
28-Apr-15,12.675,12.61,12.675,12.61,0.28
27-Apr-15,12.64,12.65,12.65,12.54,-0.2
24-Apr-15,12.665,12.625,12.665,12.625,0.56
23-Apr-15,12.595,12.57,12.735,12.57,0
22-Apr-15,12.595,12.575,12.61,12.57,-0.47
20-Apr-15,12.655,12.585,12.655,12.565,0.36
17-Apr-15,12.61,12.71,12.71,12.575,0.16
16-Apr-15,12.59,12.49,12.65,12.49,0.64
15-Apr-15,12.51,12.49,12.85,12.455,0
14-Apr-15,12.51,12.53,12.53,12.475,-1.03
13-Apr-15,12.64,12.505,12.64,12.505,0.8
10-Apr-15,12.54,12.52,12.54,12.52,-0.87
9-Apr-15,12.65,12.56,12.65,12.41,0.56
8-Apr-15,12.58,12.765,12.765,12.53,-1.37
7-Apr-15,12.755,12.77,12.77,12.7,0.16
6-Apr-15,12.735,12.83,12.83,12.678,-0.89
2-Apr-15,12.85,12.84,12.94,12.84,-0.04
1-Apr-15,12.855,12.91,12.94,12.835,-1.53
31-Mar-15,13.055,13.025,13.17,13.025,-0.5
30-Mar-15,13.12,13.3,13.32,13.105,-0.83
27-Mar-15,13.23,13.16,13.23,13.16,0.11
26-Mar-15,13.215,13.125,13.225,13.125,1.15
25-Mar-15,13.065,13.16,13.16,13.04,-0.42
24-Mar-15,13.12,13.055,13.12,13.05,-0.04
23-Mar-15,13.125,13.19,13.19,13.09,-0.38
20-Mar-15,13.175,13.1,13.175,13.1,-0.94
19-Mar-15,13.3,13.045,13.3,13.045,2.23
18-Mar-15,13.01,13.13,13.163,12.98,-0.95
17-Mar-15,13.135,13.38,13.38,13.135,-2.05
16-Mar-15,13.41,13.41,13.41,13.41,-0.19
13-Mar-15,13.435,13.411,13.595,13.411,0.49
12-Mar-15,13.37,13.13,13.37,13.13,1.25
11-Mar-15,13.205,13.22,13.22,13.014,-0.11
10-Mar-15,13.22,13.31,13.31,13.22,-0.97
9-Mar-15,13.35,13.225,13.35,13.225,2.81
6-Mar-15,12.985,12.82,12.99,12.82,1.05
5-Mar-15,12.85,12.8,12.89,12.8,0.67
4-Mar-15,12.765,12.765,12.765,12.765,1.55
3-Mar-15,12.57,12.505,12.605,12.47,0.88
2-Mar-15,12.46,12.32,12.47,12.3,0.24
27-Feb-15,12.43,12.44,12.44,12.387,-1.74
26-Feb-15,12.65,12.83,12.83,12.55,-0.51
25-Feb-15,12.715,12.77,12.77,12.715,0.71
24-Feb-15,12.625,12.625,12.625,12.625,-1.29
23-Feb-15,12.79,12.95,12.955,12.79,-1.27
21-Feb-15,12.955,12.955,12.955,12.955,0
20-Feb-15,12.955,12.96,12.96,12.955,0.97
19-Feb-15,12.83,12.745,12.83,12.745,0.47
18-Feb-15,12.77,12.68,12.77,12.572,1.43
13-Feb-15,12.59,12.56,12.61,12.54,0.08
12-Feb-15,12.58,12.66,12.66,12.54,-1.87
11-Feb-15,12.82,12.77,12.87,12.59,1.02
10-Feb-15,12.69,12.67,12.81,12.59,0.63
9-Feb-15,12.61,12.5,12.61,12.46,1.04
6-Feb-15,12.48,12.42,12.48,12.29,0.97
5-Feb-15,12.36,12.18,12.36,12.18,1.27
4-Feb-15,12.205,12.04,12.205,12.02,0.78
3-Feb-15,12.11,12.18,12.25,12.08,-0.57
2-Feb-15,12.18,11.95,12.18,11.915,1.75
1-Feb-15,11.97,11.97,11.97,11.97,0
30-Jan-15,11.97,11.955,12.01,11.83,1.01
29-Jan-15,11.85,11.81,11.875,11.81,0.34
28-Jan-15,11.81,11.82,11.91,11.81,0.3
27-Jan-15,11.775,11.76,11.87,11.76,-0.04
26-Jan-15,11.78,11.77,11.835,11.7,0.34
23-Jan-15,11.74,11.88,11.902,11.69,-1.51
22-Jan-15,11.92,11.89,11.92,11.815,1.27
21-Jan-15,11.77,11.89,11.95,11.77,-0.93
20-Jan-15,11.88,12.03,12.165,11.87,-2.34
19-Jan-15,12.165,12.03,12.165,12.03,1.12
16-Jan-15,12.03,12.09,12.16,12.01,-1.07
15-Jan-15,12.16,12.28,12.28,12.16,-0.65
14-Jan-15,12.24,12.26,12.26,12.08,-0.16
13-Jan-15,12.26,12.29,12.31,12.17,-0.33
12-Jan-15,12.3,12.17,12.344,12.17,0.94
9-Jan-15,12.185,12.37,12.37,12.18,-1.26
8-Jan-15,12.34,12.36,12.42,12.22,-0.28
7-Jan-15,12.375,12.25,12.375,12.25,1.02
6-Jan-15,12.25,12.36,12.36,12.225,-0.24
5-Jan-15,12.28,12.36,12.42,12.26,-0.45
2-Jan-15,12.335,12.4,12.4,12.31,-0.72
31-Dec-14,12.425,12.425,12.425,12.425,0
30-Dec-14,12.425,12.42,12.425,12.42,0.12
28-Dec-14,12.41,12.41,12.41,12.41,0
26-Dec-14,12.41,12.5,12.5,12.41,-0.72
24-Dec-14,12.5,12.48,12.5,12.48,0.16
23-Dec-14,12.48,12.4,12.48,12.4,-0.56
22-Dec-14,12.55,12.55,12.55,12.55,-0.16
19-Dec-14,12.57,12.61,12.61,12.552,-0.44
18-Dec-14,12.625,12.58,12.76,12.58,-1.67
17-Dec-14,12.84,12.81,12.86,12.71,0.39
16-Dec-14,12.79,12.58,12.79,12.58,0.71
15-Dec-14,12.7,12.58,12.7,12.58,0.51
14-Dec-14,12.635,12.635,12.635,12.635,0
12-Dec-14,12.635,12.69,12.71,12.51,0.36
11-Dec-14,12.59,12.54,12.77,12.54,0.64
10-Dec-14,12.51,12.3,12.51,12.25,1.87
9-Dec-14,12.28,12.19,12.29,12.13,0.57
8-Dec-14,12.21,12.067,12.22,12.04,0.83
5-Dec-14,12.11,12,12.25,12,0.58
4-Dec-14,12.04,12.12,12.224,12.04,0.25
3-Dec-14,12.01,12.01,12.03,12,-0.08
2-Dec-14,12.02,11.98,12.03,11.9,1.26
1-Dec-14,11.87,11.87,11.96,11.8,0.38
30-Nov-14,11.825,11.825,11.825,11.825,0
28-Nov-14,11.825,11.885,11.965,11.81,-0.5
27-Nov-14,11.885,12.03,12.03,11.885,-0.63
26-Nov-14,11.96,12.02,12.02,11.785,-0.79
25-Nov-14,12.055,12.075,12.075,11.88,0
24-Nov-14,12.055,12.015,12.195,11.985,-2.86
21-Nov-14,12.41,12.745,12.745,12.36,-2.67
20-Nov-14,12.75,12.75,12.75,12.75,-0.23
19-Nov-14,12.78,12.87,13,12.685,-1.26
18-Nov-14,12.943,13.08,13.09,12.94,-0.4
17-Nov-14,12.995,13.01,13.05,12.85,0.36
16-Nov-14,12.948,12.948,12.948,12.948,0
14-Nov-14,12.948,13.12,13.18,12.88,-0.09
13-Nov-14,12.96,12.92,13.1,12.92,0.47
12-Nov-14,12.9,12.8,12.9,12.71,0.58
11-Nov-14,12.825,12.63,12.835,12.63,1.42
10-Nov-14,12.645,12.616,12.66,12.555,-0.24
7-Nov-14,12.675,12.88,12.89,12.63,-0.35
6-Nov-14,12.72,12.34,12.72,12.34,3.5
5-Nov-14,12.29,12.39,12.41,12.27,-0.69
4-Nov-14,12.375,12.17,12.38,12.17,1.35
3-Nov-14,12.21,12.07,12.21,12.07,1.16
31-Oct-14,12.07,12.215,12.24,12.03,-1.19
30-Oct-14,12.215,12.233,12.27,12.02,-1.21
29-Oct-14,12.365,12.13,12.46,12.08,1.6
28-Oct-14,12.17,12.4,12.4,12.16,-2.56
27-Oct-14,12.49,12.26,12.87,12.26,3.31
24-Oct-14,12.09,12.275,12.35,11.96,-1.14
23-Oct-14,12.23,12.195,12.37,12.07,1.12
22-Oct-14,12.095,12.115,12.155,11.975,1.09
21-Oct-14,11.965,11.94,11.985,11.865,2.57
20-Oct-14,11.665,11.59,11.665,11.59,1.74
17-Oct-14,11.465,11.455,11.465,11.455,-1.55
16-Oct-14,11.645,11.65,11.79,11.64,0.39
15-Oct-14,11.6,11.54,11.68,11.47,2.75
14-Oct-14,11.29,11.215,11.37,11.21,0.85
13-Oct-14,11.195,11.53,11.53,11.195,-3.24
10-Oct-14,11.57,11.54,11.595,11.47,0.52
9-Oct-14,11.51,11.405,11.52,11.405,0.04
8-Oct-14,11.505,11.495,11.699,11.485,-0.69
7-Oct-14,11.585,11.6,11.71,11.54,-1.91
6-Oct-14,11.81,11.73,11.89,11.665,-3.04
3-Oct-14,12.18,12.44,12.44,12.14,-2.17
2-Oct-14,12.45,12.46,12.57,12.405,-0.64
1-Oct-14,12.53,12.425,12.53,12.275,1.54
30-Sep-14,12.34,12.46,12.46,12.32,4.4
29-Sep-14,11.82,11.82,11.82,11.82,-0.51
27-Sep-14,11.88,11.88,11.88,11.88,0
26-Sep-14,11.88,12.07,12.11,11.87,0.55
25-Sep-14,11.815,11.755,11.85,11.75,0.42
24-Sep-14,11.765,11.985,12.01,11.765,-1.26
23-Sep-14,11.915,11.895,12.055,11.79,0.25
22-Sep-14,11.885,11.58,11.94,11.58,2.55
19-Sep-14,11.59,11.51,11.68,11.51,-0.22
18-Sep-14,11.615,11.6,11.65,11.46,1.18
17-Sep-14,11.48,11.45,11.54,11.35,0
16-Sep-14,11.48,11.63,11.635,11.36,-1.16
15-Sep-14,11.615,11.73,11.79,11.615,-1.73
13-Sep-14,11.82,11.82,11.82,11.82,0
12-Sep-14,11.82,11.37,11.82,11.37,3.41
11-Sep-14,11.43,11.51,11.51,11.33,-1.04
10-Sep-14,11.55,11.42,11.705,11.42,1.01
9-Sep-14,11.435,11.32,11.47,11.32,0.75
8-Sep-14,11.35,11.07,11.39,11.06,1.52
5-Sep-14,11.18,11.1,11.2,11.07,0.27
4-Sep-14,11.15,11.17,11.25,11.04,-0.27
3-Sep-14,11.18,10.94,11.18,10.91,2.29
2-Sep-14,10.93,11.05,11.19,10.87,-1.26
1-Sep-14,11.07,11.18,11.18,11.07,-1.29
31-Aug-14,11.215,11.215,11.215,11.215,0
29-Aug-14,11.215,11.27,11.34,11.18,-0.58
28-Aug-14,11.28,11.335,11.335,11.125,-0.92
27-Aug-14,11.385,11.445,11.6,11.385,-1.3
26-Aug-14,11.535,11.6,11.6,11.48,-0.73
25-Aug-14,11.62,11.675,11.676,11.555,-0.56
22-Aug-14,11.685,11.89,11.89,11.675,-1.56
21-Aug-14,11.87,11.835,11.88,11.7,1.5
20-Aug-14,11.695,11.625,11.725,11.615,0.43
19-Aug-14,11.645,11.62,11.73,11.61,0.13
18-Aug-14,11.63,11.71,11.72,11.57,-0.85
15-Aug-14,11.73,11.96,11.96,11.73,-1.96
14-Aug-14,11.965,12.035,12.055,11.955,-0.91
13-Aug-14,12.075,11.935,12.08,11.89,1
12-Aug-14,11.955,11.95,11.975,11.885,-0.13
11-Aug-14,11.97,12,12.005,11.925,-1.36
10-Aug-14,12.135,12.135,12.135,12.135,0
8-Aug-14,12.135,12.125,12.215,11.995,0.25
7-Aug-14,12.105,12.065,12.15,11.985,0.33
6-Aug-14,12.065,12.215,12.25,12.065,-1.19
5-Aug-14,12.21,12.11,12.28,12.02,1.24
4-Aug-14,12.06,12.1,12.165,12.035,-0.99
2-Aug-14,12.18,12.18,12.18,12.18,0
1-Aug-14,12.18,12.1,12.18,12.005,1.33
31-Jul-14,12.02,11.91,12.08,11.91,0.67
30-Jul-14,11.94,11.85,11.957,11.85,1.1
29-Jul-14,11.81,11.745,11.81,11.72,0.55
28-Jul-14,11.745,11.67,11.75,11.67,0.38
27-Jul-14,11.7,11.7,11.7,11.7,0
25-Jul-14,11.7,11.68,11.79,11.68,0
24-Jul-14,11.7,11.63,11.75,11.62,0.43
23-Jul-14,11.65,11.565,11.65,11.565,0.95
22-Jul-14,11.54,11.565,11.65,11.514,-1.11
21-Jul-14,11.67,11.78,11.78,11.67,-1.1
20-Jul-14,11.8,11.8,11.8,11.8,0
18-Jul-14,11.8,11.86,11.865,11.8,-1.46
17-Jul-14,11.975,11.96,12.02,11.93,0.13
16-Jul-14,11.96,12.08,12.08,11.96,-0.66
15-Jul-14,12.04,12.11,12.14,12.03,-0.12
14-Jul-14,12.055,12.1,12.13,12.055,-0.82
12-Jul-14,12.155,12.155,12.155,12.155,0
11-Jul-14,12.155,12.12,12.155,12.12,0.12
10-Jul-14,12.14,12.03,12.14,12.03,0.41
9-Jul-14,12.09,12.04,12.09,12.04,0.42
8-Jul-14,12.04,11.99,12.04,11.99,0.33
7-Jul-14,12,12.03,12.078,11.987,-0.66
4-Jul-14,12.08,12.02,12.08,12.02,0.33
3-Jul-14,12.04,12.1,12.14,12.04,-0.25
2-Jul-14,12.07,12.05,12.2,12.03,0.5
1-Jul-14,12.01,12.2,12.28,12.01,-1.52
30-Jun-14,12.195,12.16,12.3,12.16,0.29
27-Jun-14,12.16,11.98,12.21,11.98,1.8
26-Jun-14,11.945,12.02,12.11,11.945,-0.46
25-Jun-14,12,12.02,12.02,11.89,0.13
24-Jun-14,11.985,12.03,12.055,11.954,-0.22
23-Jun-14,12.012,12.01,12.012,12,-0.32
20-Jun-14,12.05,11.95,12.11,11.95,0.63
18-Jun-14,11.975,12.07,12.2,11.975,-1.92
17-Jun-14,12.21,11.84,12.22,11.84,1.5
16-Jun-14,12.03,11.84,12.04,11.84,1.48
13-Jun-14,11.855,11.97,12,11.846,-1.13
12-Jun-14,11.99,11.97,11.99,11.97,0.17
11-Jun-14,11.97,11.98,12.12,11.958,-0.87
10-Jun-14,12.075,12.22,12.22,12.05,-1.11
9-Jun-14,12.21,12.01,12.25,12.01,1.41
6-Jun-14,12.04,12.26,12.26,11.97,-1.95
5-Jun-14,12.28,12.33,12.355,12.27,-0.61
4-Jun-14,12.355,12.39,12.485,12.355,0.08
3-Jun-14,12.345,12.45,12.45,12.065,0.98
2-Jun-14,12.225,12.08,12.285,12.08,0.99
30-May-14,12.105,12.15,12.23,12.105,-0.41
29-May-14,12.155,12.41,12.41,12.13,-1.74
28-May-14,12.37,12.46,12.46,12.37,-0.44
27-May-14,12.425,12.41,12.425,12.385,0.93
26-May-14,12.31,12.3,12.323,12.3,-0.16
25-May-14,12.33,12.33,12.33,12.33,0
23-May-14,12.33,12.34,12.34,12.3,0.33
22-May-14,12.29,12.28,12.3,12.265,-0.08
21-May-14,12.3,12.35,12.49,12.27,-0.77
20-May-14,12.395,12.465,12.465,12.37,-0.04
19-May-14,12.4,12.4,12.4,12.379,-0.16
16-May-14,12.42,12.43,12.43,12.36,-0.2
15-May-14,12.445,12.42,12.52,12.415,0.61
14-May-14,12.37,12.5,12.54,12.37,0.32
13-May-14,12.33,12.34,12.44,12.28,-0.08
12-May-14,12.34,12.2,12.43,12.2,0.41
9-May-14,12.29,12.38,12.38,12.13,0
8-May-14,12.29,12.18,12.33,12.18,0.82
7-May-14,12.19,12.37,12.37,12.15,-0.57
6-May-14,12.26,12.48,12.48,12.2,-1.29
5-May-14,12.42,12.35,12.46,12.33,0.24
3-May-14,12.39,12.39,12.39,12.39,0
2-May-14,12.39,12.5,12.63,12.35,-0.4
30-Apr-14,12.44,12.53,12.6,12.42,-0.48
29-Apr-14,12.5,12.47,12.56,12.44,0.24
28-Apr-14,12.47,12.45,12.65,12.43,0.16
25-Apr-14,12.45,12.48,12.5,12.36,0
24-Apr-14,12.45,12.56,12.56,12.4,-0.54
23-Apr-14,12.518,12.71,12.71,12.46,-0.89
22-Apr-14,12.63,12.62,12.74,12.58,-0.08
17-Apr-14,12.64,12.64,12.86,12.61,-0.86
16-Apr-14,12.75,12.67,12.78,12.64,0.47
15-Apr-14,12.69,12.76,12.78,12.66,0.08
14-Apr-14,12.68,12.62,12.7,12.52,1.12
11-Apr-14,12.54,12.65,12.67,12.54,-0.24
10-Apr-14,12.57,12.48,12.65,12.4,1.21
9-Apr-14,12.42,12.38,12.62,12.38,-0.08
8-Apr-14,12.43,12.56,12.56,12.26,-1.19
7-Apr-14,12.58,12.66,12.7,12.56,-1.1
4-Apr-14,12.72,12.85,12.85,12.62,-0.7
3-Apr-14,12.81,12.71,12.96,12.68,0.55
2-Apr-14,12.74,12.95,12.95,12.73,-0.55
1-Apr-14,12.81,12.85,12.93,12.78,0.08
31-Mar-14,12.8,12.72,12.825,12.69,0.79
28-Mar-14,12.7,12.63,12.76,12.55,1.2
27-Mar-14,12.55,12.76,12.85,12.55,-1.95
26-Mar-14,12.8,12.875,12.96,12.69,-0.54
25-Mar-14,12.87,13.05,13.16,12.87,-1.15
24-Mar-14,13.02,13.14,13.14,13.02,-0.95
21-Mar-14,13.145,13.23,13.23,13.1,-0.34
20-Mar-14,13.19,13.2,13.3,13.12,0.08
19-Mar-14,13.18,13.17,13.24,12.98,0.92
18-Mar-14,13.06,13.12,13.2,12.98,0.54
17-Mar-14,12.99,12.85,13.07,12.85,1.09
14-Mar-14,12.85,12.96,13.06,12.85,-0.46
13-Mar-14,12.91,12.8,12.95,12.79,0.31
12-Mar-14,12.87,13.16,13.16,12.83,0
11-Mar-14,12.87,12.94,12.948,12.775,-0.39
10-Mar-14,12.92,12.97,12.998,12.84,0.54
9-Mar-14,12.85,12.85,12.85,12.85,0
7-Mar-14,12.85,12.88,12.96,12.77,0.55
6-Mar-14,12.78,12.69,12.86,12.69,0.71
5-Mar-14,12.69,12.67,12.75,12.62,-0.08
28-Feb-14,12.7,12.47,12.75,12.4,2.17
27-Feb-14,12.43,12.575,12.705,12.42,-0.88
26-Feb-14,12.54,12.76,12.76,12.54,-1.1
25-Feb-14,12.68,12.74,12.79,12.61,-0.47
24-Feb-14,12.74,12.8,12.87,12.72,-0.39
21-Feb-14,12.79,12.96,13.02,12.77,-1.08
20-Feb-14,12.93,13.11,13.22,12.93,-1.37
19-Feb-14,13.11,13,13.2,13,0.15
18-Feb-14,13.09,13.14,13.23,13,0
17-Feb-14,13.09,13.16,13.16,13.07,-0.3
14-Feb-14,13.13,13.22,13.23,13.09,-0.45
13-Feb-14,13.19,13.37,13.45,13.18,-1.2
12-Feb-14,13.35,13.32,13.45,13.25,0.53
11-Feb-14,13.28,13.25,13.38,13.16,0.76
10-Feb-14,13.18,13.17,13.29,13.17,0.08
7-Feb-14,13.17,13.19,13.32,13.09,-0.38
6-Feb-14,13.22,13.28,13.34,13.14,-0.45
5-Feb-14,13.28,13.39,13.42,13.2,-0.81
4-Feb-14,13.388,13.5,13.52,13.32,-0.83
3-Feb-14,13.5,13.4,13.58,13.38,0.75
31-Jan-14,13.4,13.3,13.55,13.29,0.45
30-Jan-14,13.34,13.34,13.5,13.24,-0.15
29-Jan-14,13.36,13.3,13.52,13.27,0.3
28-Jan-14,13.32,13.22,13.36,13.16,0.76
27-Jan-14,13.22,13.06,13.3,13.05,1.23
24-Jan-14,13.06,13.21,13.49,13.03,-1.14
23-Jan-14,13.21,13.01,13.28,12.98,0.99
22-Jan-14,13.08,13.1,13.12,13,0.31
21-Jan-14,13.04,12.96,13.09,12.96,0.62
20-Jan-14,12.96,12.87,13,12.86,0.86
17-Jan-14,12.85,13,13.06,12.84,-0.93
16-Jan-14,12.97,13.06,13.2,12.93,-0.15
15-Jan-14,12.99,13.13,13.15,12.99,-0.69
14-Jan-14,13.08,12.99,13.17,12.945,0.77
13-Jan-14,12.98,13.1,13.12,12.945,-0.92
10-Jan-14,13.1,13.22,13.37,13.08,-1.06
9-Jan-14,13.24,13.25,13.4,13.22,-0.08
8-Jan-14,13.25,13.08,13.28,13.08,1.22
7-Jan-14,13.09,13.14,13.16,13.06,-0.3
6-Jan-14,13.13,13.12,13.2,13.115,0.08
3-Jan-14,13.12,13.16,13.27,13.115,-0.68
2-Jan-14,13.21,13.32,13.38,13.156,0
31-Dec-13,13.21,13.21,13.21,13.21,0
30-Dec-13,13.21,13.19,13.22,13.1,0.76
27-Dec-13,13.11,13.33,13.33,13.11,-0.83
26-Dec-13,13.22,13.18,13.35,13.14,0.3
25-Dec-13,13.18,13.18,13.18,13.18,0
24-Dec-13,13.18,13.18,13.18,13.18,0
23-Dec-13,13.18,13.24,13.25,13.09,-0.08
20-Dec-13,13.19,12.95,13.22,12.945,1.81
19-Dec-13,12.956,12.69,13.01,12.69,2.1
18-Dec-13,12.69,12.8,12.92,12.69,-0.7
17-Dec-13,12.78,12.76,12.81,12.67,0.24
16-Dec-13,12.75,12.82,12.82,12.72,-0.31
14-Dec-13,12.79,12.79,12.79,12.79,0
13-Dec-13,12.79,12.78,12.82,12.7,-0.78
12-Dec-13,12.89,12.81,12.89,12.8,0.47
11-Dec-13,12.83,12.83,12.9,12.78,0.63
10-Dec-13,12.75,12.975,12.975,12.75,-1.42
9-Dec-13,12.934,12.96,12.99,12.88,-0.43
6-Dec-13,12.99,13.06,13.18,12.88,-0.38
5-Dec-13,13.04,13.34,13.37,12.96,-2.18
4-Dec-13,13.33,13.26,13.37,13.13,0.6
3-Dec-13,13.25,13.18,13.29,13.09,0.45
2-Dec-13,13.19,13,13.195,12.88,1.93
29-Nov-13,12.94,12.88,12.96,12.77,0.86
28-Nov-13,12.83,12.66,12.9,12.61,0.63
27-Nov-13,12.75,12.71,12.77,12.61,1.11
26-Nov-13,12.61,12.67,12.75,12.58,-0.55
25-Nov-13,12.68,12.57,12.68,12.48,1.52
22-Nov-13,12.49,12.59,12.59,12.307,-0.16
21-Nov-13,12.51,12.39,12.52,12.32,1.87
20-Nov-13,12.28,12.28,12.28,12.28,0.49
19-Nov-13,12.22,12.02,12.25,12.008,1.5
18-Nov-13,12.04,12.23,12.23,12.02,-1.15
17-Nov-13,12.18,12.18,12.18,12.18,0
15-Nov-13,12.18,12.18,12.18,12.18,0
14-Nov-13,12.18,12.3,12.31,12.16,-1.14
13-Nov-13,12.32,12.33,12.35,12.21,-0.56
12-Nov-13,12.39,12.58,12.65,12.35,-0.88
11-Nov-13,12.5,12.4,12.61,12.32,0.73
8-Nov-13,12.41,12.32,12.59,12.3,1.06
7-Nov-13,12.28,12.27,12.37,12.13,0.82
6-Nov-13,12.18,12.16,12.3,12.11,0.16
5-Nov-13,12.16,12.05,12.24,11.91,2.1
4-Nov-13,11.91,11.81,12,11.79,0.42
3-Nov-13,11.86,11.86,11.86,11.86,0
1-Nov-13,11.86,11.77,11.97,11.68,1.11
31-Oct-13,11.73,11.57,11.81,11.51,1.3
30-Oct-13,11.58,11.57,11.58,11.44,0.61
29-Oct-13,11.51,11.49,11.51,11.37,1.05
28-Oct-13,11.39,11.47,11.516,11.37,-0.35
27-Oct-13,11.43,11.43,11.43,11.43,0
25-Oct-13,11.43,11.52,11.598,11.43,-0.87
24-Oct-13,11.53,11.67,11.67,11.53,-2.45
23-Oct-13,11.82,11.87,11.87,11.58,0.6
22-Oct-13,11.75,11.94,11.94,11.69,-0.68
21-Oct-13,11.83,11.79,11.87,11.71,0.68
18-Oct-13,11.75,11.61,11.85,11.59,1.21
17-Oct-13,11.61,11.66,11.68,11.58,-0.77
16-Oct-13,11.7,11.695,11.74,11.63,0.17
15-Oct-13,11.68,11.725,11.81,11.64,0.13
14-Oct-13,11.665,11.715,11.715,11.57,0.91
11-Oct-13,11.56,11.625,11.635,11.54,0
10-Oct-13,11.56,11.65,11.68,11.5,-0.94
9-Oct-13,11.67,11.71,11.71,11.56,0.17
8-Oct-13,11.65,11.81,11.81,11.61,-0.17
7-Oct-13,11.67,11.81,11.84,11.61,-0.51
4-Oct-13,11.73,11.75,11.81,11.7,0.09
3-Oct-13,11.72,11.81,11.84,11.63,0.09
2-Oct-13,11.71,11.78,11.82,11.66,-0.26
1-Oct-13,11.74,11.76,11.85,11.61,0.34
30-Sep-13,11.7,11.81,11.81,11.67,-0.09
29-Sep-13,11.71,11.71,11.71,11.71,0
27-Sep-13,11.71,11.76,11.77,11.63,0.17
26-Sep-13,11.69,11.69,11.71,11.53,0.69
25-Sep-13,11.61,11.48,11.63,11.43,2.02
24-Sep-13,11.38,11.55,11.56,11.38,-1.11
23-Sep-13,11.508,11.55,11.577,11.42,0.59
22-Sep-13,11.44,11.44,11.44,11.44,0
20-Sep-13,11.44,11.58,11.58,11.37,-0.61
19-Sep-13,11.51,11.55,11.68,11.32,-0.09
18-Sep-13,11.52,11.94,11.99,11.51,-3.44
17-Sep-13,11.93,12.08,12.08,11.88,0.06
16-Sep-13,11.923,11.84,11.99,11.84,-0.39
15-Sep-13,11.97,11.97,11.97,11.97,0
13-Sep-13,11.97,12.03,12.03,11.81,-0.08
12-Sep-13,11.98,11.94,12.03,11.81,1.35
11-Sep-13,11.82,11.94,11.953,11.79,-0.17
10-Sep-13,11.84,11.97,11.99,11.8,-0.17
9-Sep-13,11.86,11.81,11.99,11.73,-0.75
8-Sep-13,11.95,11.95,11.95,11.95,0
7-Sep-13,11.95,11.95,11.95,11.95,0
6-Sep-13,11.95,12.14,12.14,11.74,-1.24
5-Sep-13,12.1,12.21,12.25,12.09,-0.33
4-Sep-13,12.14,12.15,12.17,12.005,0.25
3-Sep-13,12.11,12.2,12.26,12.06,0.25
2-Sep-13,12.08,12.04,12.12,11.97,0.83
1-Sep-13,11.98,11.98,11.98,11.98,0
30-Aug-13,11.98,12.14,12.14,11.98,-0.83
29-Aug-13,12.08,11.76,12.08,11.76,2.63
28-Aug-13,11.77,11.9,11.919,11.62,0
27-Aug-13,11.77,11.91,12.01,11.75,-0.08
26-Aug-13,11.78,11.81,11.87,11.61,0.34
23-Aug-13,11.74,12,12.01,11.72,-3.77
22-Aug-13,12.2,12.29,12.37,12.08,-0.81
21-Aug-13,12.3,11.81,12.32,11.81,4.06
20-Aug-13,11.82,11.81,12.17,11.79,-1.25
19-Aug-13,11.97,11.81,12.07,11.81,1.35
16-Aug-13,11.81,11.74,11.93,11.6,1.55
15-Aug-13,11.63,11.68,11.85,11.53,-0.17
14-Aug-13,11.65,11.575,11.72,11.38,1.35
13-Aug-13,11.495,11.355,11.515,11.355,1.91
12-Aug-13,11.28,11.095,11.335,11.03,1.9
11-Aug-13,11.07,11.07,11.07,11.07,0
10-Aug-13,11.07,11.07,11.07,11.07,0
9-Aug-13,11.07,11.23,11.24,11.03,-0.98
8-Aug-13,11.18,11.31,11.31,11.11,-0.18
7-Aug-13,11.2,11.12,11.23,11.06,1.45
6-Aug-13,11.04,10.93,11.11,10.85,1.1
5-Aug-13,10.92,10.96,11.08,10.9,-0.64
2-Aug-13,10.99,11.11,11.25,10.93,-1.08
1-Aug-13,11.11,10.94,11.16,10.86,1.09
31-Jul-13,10.99,11.1,11.14,10.89,-0.09
30-Jul-13,11,11.06,11.14,10.87,0.18
29-Jul-13,10.98,10.765,11.03,10.765,1.57
27-Jul-13,10.81,10.81,10.83,10.81,0
26-Jul-13,10.81,10.84,10.87,10.715,0.46
25-Jul-13,10.76,10.69,10.92,10.69,0.75
24-Jul-13,10.68,10.63,10.77,10.48,1.62
23-Jul-13,10.51,10.64,10.64,10.39,-0.66
22-Jul-13,10.58,10.68,10.68,10.55,-0.19
19-Jul-13,10.6,10.61,10.67,10.549,0.09
18-Jul-13,10.59,10.75,10.815,10.54,-1.03
17-Jul-13,10.7,10.88,10.97,10.67,-0.83
16-Jul-13,10.79,10.77,10.96,10.76,-0.46
15-Jul-13,10.84,11.1,11.12,10.71,-1.54
13-Jul-13,11.01,11.05,11.05,11.01,0
12-Jul-13,11.01,11.05,11.12,10.95,-0.9
11-Jul-13,11.11,11.02,11.13,10.93,0.73
10-Jul-13,11.03,11.24,11.24,11.03,-1.43
9-Jul-13,11.19,11.19,11.19,11.19,0
8-Jul-13,11.19,11.25,11.25,11.13,-0.89
5-Jul-13,11.29,11.3,11.47,11.13,0.53
4-Jul-13,11.23,11.05,11.26,10.91,1.63
3-Jul-13,11.05,10.9,11.05,10.9,0.82
2-Jul-13,10.96,11.06,11.06,10.88,-1.08
1-Jul-13,11.08,11.16,11.27,10.99,-0.89
28-Jun-13,11.18,10.91,11.18,10.85,2.57
27-Jun-13,10.9,10.96,10.99,10.81,-0.73
26-Jun-13,10.98,10.93,11.02,10.82,-0.36
25-Jun-13,11.02,11.08,11.16,10.88,-2.48
24-Jun-13,11.3,11.59,11.78,11.3,-2.33
23-Jun-13,11.57,11.57,11.57,11.57,0
21-Jun-13,11.57,11.51,11.95,11.39,-1.53
20-Jun-13,11.75,11.53,11.87,11.44,1.91
19-Jun-13,11.53,11.11,11.62,10.92,3.59
18-Jun-13,11.13,11.07,11.3,10.96,0.82
17-Jun-13,11.04,10.77,11.04,10.68,2.7
16-Jun-13,10.75,10.75,10.75,10.75,0
14-Jun-13,10.75,10.68,10.77,10.54,1.7
13-Jun-13,10.57,10.89,11.1,10.57,-4.08
12-Jun-13,11.02,10.73,11.1,10.53,2.89
11-Jun-13,10.71,11.12,11.12,10.7,-0.09
10-Jun-13,10.72,10.405,10.77,10.405,3.28
8-Jun-13,10.38,10.38,10.38,10.38,0
7-Jun-13,10.38,10.56,10.6,10.36,-0.19
6-Jun-13,10.4,10.35,10.67,10.3,1.36
5-Jun-13,10.26,10.305,10.37,10,-2.19
4-Jun-13,10.49,10.575,10.575,10.405,0.1
3-Jun-13,10.48,10.58,10.66,10.475,-0.38
31-May-13,10.52,10.35,10.53,10.24,2.63
30-May-13,10.25,10.25,10.25,10.25,0
29-May-13,10.25,10.5,10.5,10.195,-1.44
28-May-13,10.4,10.24,10.48,10.22,1.96
27-May-13,10.2,10.22,10.23,10.113,0.1
25-May-13,10.19,10.19,10.19,10.19,0
24-May-13,10.19,10.2,10.22,10.14,0.49
23-May-13,10.14,10.19,10.21,10.1,0.2
22-May-13,10.12,10.17,10.17,9.96,0.6
21-May-13,10.06,10.06,10.09,9.96,0.9
20-May-13,9.97,9.87,10.03,9.84,1.22
17-May-13,9.85,9.92,9.95,9.84,-0.1
16-May-13,9.86,9.96,9.98,9.82,-0.4
15-May-13,9.9,9.98,10.06,9.9,-0.5
14-May-13,9.95,9.79,9.99,9.741,2.05
13-May-13,9.75,9.81,9.82,9.74,0
10-May-13,9.75,9.68,9.81,9.67,1.14
9-May-13,9.64,9.53,9.64,9.51,1.37
8-May-13,9.51,9.51,9.54,9.436,0.53
7-May-13,9.46,9.44,9.54,9.397,-0.11
6-May-13,9.47,9.47,9.61,9.46,-0.11
3-May-13,9.48,9.56,9.58,9.47,0.11
2-May-13,9.47,9.67,9.67,9.47,-1.46
1-May-13,9.61,9.61,9.61,9.61,0
30-Apr-13,9.61,9.76,9.76,9.59,-0.72
29-Apr-13,9.68,9.68,9.73,9.63,0.52
26-Apr-13,9.63,9.81,9.81,9.62,-0.52
25-Apr-13,9.68,9.69,9.74,9.63,-0.31
24-Apr-13,9.71,9.62,9.71,9.58,0.94
23-Apr-13,9.62,9.655,9.66,9.538,0.42
22-Apr-13,9.58,9.59,9.75,9.55,-0.42
20-Apr-13,9.62,9.62,9.62,9.62,0
19-Apr-13,9.62,9.745,9.765,9.59,-1.03
18-Apr-13,9.72,9.69,9.72,9.6,1.04
17-Apr-13,9.62,9.74,9.74,9.61,-0.82
16-Apr-13,9.7,9.7,9.72,9.61,0.62
15-Apr-13,9.64,9.67,9.77,9.61,-0.31
12-Apr-13,9.67,9.63,9.72,9.567,0.21
11-Apr-13,9.65,9.66,9.671,9.53,0.63
10-Apr-13,9.59,9.71,9.71,9.533,-0.52
9-Apr-13,9.64,9.63,9.7,9.52,0.31
8-Apr-13,9.61,9.575,9.68,9.57,0.31
5-Apr-13,9.58,9.88,9.91,9.55,-3.23
4-Apr-13,9.9,10.04,10.04,9.9,-1.59
3-Apr-13,10.06,10.04,10.13,9.96,0.2
2-Apr-13,10.04,10.04,10.08,9.93,-0.2
1-Apr-13,10.06,10.035,10.19,9.99,-0.4
29-Mar-13,10.1,10.1,10.1,10.1,0
28-Mar-13,10.1,9.89,10.14,9.8,2.33
27-Mar-13,9.87,9.812,9.88,9.73,0.82
26-Mar-13,9.79,9.789,9.89,9.746,-0.71
25-Mar-13,9.86,9.89,9.9,9.75,0.61
22-Mar-13,9.8,9.81,9.9,9.8,-0.41
21-Mar-13,9.84,9.78,9.92,9.68,1.23
20-Mar-13,9.72,9.72,9.75,9.59,0.62
19-Mar-13,9.66,9.72,9.73,9.62,-0.41
18-Mar-13,9.7,9.73,9.735,9.564,0.52
17-Mar-13,9.65,9.65,9.65,9.65,0
15-Mar-13,9.65,9.75,9.78,9.6,-0.82
14-Mar-13,9.73,9.7,9.77,9.63,0.83
13-Mar-13,9.65,9.67,9.76,9.61,0.42
12-Mar-13,9.61,9.48,9.64,9.48,1.37
11-Mar-13,9.48,9.43,9.55,9.41,0.64
8-Mar-13,9.42,9.32,9.52,9.32,0.53
7-Mar-13,9.37,9.29,9.42,9.24,1.19
6-Mar-13,9.26,9.37,9.37,9.23,-0.22
5-Mar-13,9.28,9.47,9.47,9.27,-1.59
4-Mar-13,9.43,9.4,9.49,9.39,0.21
1-Mar-13,9.41,9.48,9.5,9.39,-0.53
28-Feb-13,9.46,9.52,9.53,9.41,-0.11
27-Feb-13,9.47,9.46,9.51,9.35,0.32
26-Feb-13,9.44,9.49,9.49,9.352,-0.42
25-Feb-13,9.48,9.54,9.55,9.344,-0.32
22-Feb-13,9.51,9.49,9.58,9.434,-0.31
21-Feb-13,9.54,9.5,9.54,9.445,0.42
20-Feb-13,9.5,9.635,9.665,9.46,-1.09
19-Feb-13,9.605,9.555,9.635,9.425,0.31
18-Feb-13,9.575,9.575,9.625,9.431,0.52
17-Feb-13,9.525,9.525,9.525,9.525,0
16-Feb-13,9.525,9.525,9.525,9.525,0
15-Feb-13,9.525,9.66,9.69,9.51,-1.4
14-Feb-13,9.66,9.74,9.74,9.627,-0.1
13-Feb-13,9.67,9.77,9.77,9.65,-0.41
9-Feb-13,9.71,9.71,9.71,9.71,0
8-Feb-13,9.71,9.71,9.78,9.535,0.21
7-Feb-13,9.69,9.69,9.745,9.62,0.31
6-Feb-13,9.66,9.74,9.77,9.536,0.07
5-Feb-13,9.653,9.59,9.72,9.527,1.18
4-Feb-13,9.54,9.411,9.56,9.411,0.23
1-Feb-13,9.518,9.55,9.63,9.49,-0.34
31-Jan-13,9.55,9.59,9.59,9.493,0
30-Jan-13,9.55,9.445,9.58,9.414,0.84
29-Jan-13,9.47,9.49,9.49,9.405,-0.21
28-Jan-13,9.49,9.49,9.58,9.421,0.11
25-Jan-13,9.48,9.48,9.48,9.48,0
24-Jan-13,9.48,9.47,9.52,9.37,0.93
23-Jan-13,9.393,9.51,9.51,9.36,0.03
22-Jan-13,9.39,9.37,9.47,9.34,0.54
21-Jan-13,9.34,9.41,9.42,9.337,-0.85
18-Jan-13,9.42,9.4,9.46,9.35,0
17-Jan-13,9.42,9.32,9.42,9.223,2.06
16-Jan-13,9.23,9.3,9.32,9.22,-0.11
15-Jan-13,9.24,9.25,9.27,9.18,0.54
14-Jan-13,9.19,9.21,9.23,9.17,-0.54
13-Jan-13,9.24,9.24,9.24,9.24,0
11-Jan-13,9.24,9.275,9.275,9.195,-0.32
10-Jan-13,9.27,9.35,9.35,9.225,-0.43
9-Jan-13,9.31,9.36,9.37,9.235,0
8-Jan-13,9.31,9.29,9.34,9.15,1.42
7-Jan-13,9.18,9.16,9.23,9.125,0.22
5-Jan-13,9.16,9.16,9.16,9.16,0
4-Jan-13,9.16,9.11,9.22,9.11,0.55
3-Jan-13,9.11,9.11,9.17,9.075,-0.65
2-Jan-13,9.17,9.24,9.29,9.09,-0.11
1-Jan-13,9.18,9.18,9.18,9.18,0
31-Dec-12,9.18,9.18,9.18,9.18,0
30-Dec-12,9.18,9.18,9.18,9.18,0
28-Dec-12,9.18,9.18,9.267,9.16,-1.36
27-Dec-12,9.307,9.3,9.307,9.19,-0.14
26-Dec-12,9.32,9.44,9.44,9.26,0.22
24-Dec-12,9.3,9.3,9.3,9.3,0
23-Dec-12,9.3,9.3,9.3,9.3,0
22-Dec-12,9.3,9.3,9.3,9.3,0
21-Dec-12,9.3,9.35,9.45,9.24,-0.21
20-Dec-12,9.32,9.14,9.4,9.14,0.43
19-Dec-12,9.28,9.24,9.28,9.18,0.98
18-Dec-12,9.19,9.16,9.25,9.16,0.22
17-Dec-12,9.17,9.19,9.23,9.15,-1.07
14-Dec-12,9.269,9.14,9.269,9.14,0.31
13-Dec-12,9.24,9.19,9.272,9.14,-0.43
12-Dec-12,9.28,9.37,9.37,9.25,-0.22
11-Dec-12,9.3,9.27,9.351,9.2,1.09
10-Dec-12,9.2,9.15,9.25,9.1,0.66
7-Dec-12,9.14,9.19,9.2,9.1,-0.54
6-Dec-12,9.19,9.25,9.3,9.091,-1.82
5-Dec-12,9.36,9.37,9.37,9.29,0.43
4-Dec-12,9.32,9.43,9.49,9.312,-1.06
3-Dec-12,9.42,9.46,9.5,9.42,-0.32
30-Nov-12,9.45,9.44,9.52,9.34,-0.05
29-Nov-12,9.455,9.51,9.533,9.44,0.41
28-Nov-12,9.416,9.41,9.46,9.37,0.06
27-Nov-12,9.41,9.46,9.46,9.38,-0.53
26-Nov-12,9.46,9.455,9.47,9.42,0
23-Nov-12,9.46,9.52,9.54,9.455,-0.77
22-Nov-12,9.533,9.48,9.55,9.45,0.03
21-Nov-12,9.53,9.5,9.623,9.5,0.53
19-Nov-12,9.48,9.485,9.51,9.42,0.03
16-Nov-12,9.477,9.525,9.65,9.436,-1.18
14-Nov-12,9.59,9.46,9.6,9.44,1.37
13-Nov-12,9.46,9.37,9.54,9.37,0.85
12-Nov-12,9.38,9.34,9.46,9.34,-0.42
9-Nov-12,9.42,9.33,9.42,9.33,0.21
8-Nov-12,9.4,9.29,9.4,9.29,0.75
7-Nov-12,9.33,9.28,9.33,9.28,0.32
6-Nov-12,9.3,9.19,9.31,9.165,1.31
5-Nov-12,9.18,9.23,9.28,9.18,-0.6
3-Nov-12,9.235,9.235,9.235,9.235,0
2-Nov-12,9.235,9.235,9.235,9.235,0
1-Nov-12,9.235,9.12,9.235,9.12,0.05
31-Oct-12,9.23,9.24,9.24,9.16,0.65
30-Oct-12,9.17,9.17,9.17,9.13,-0.11
29-Oct-12,9.18,9.17,9.2,9.1,-0.11
26-Oct-12,9.19,9.28,9.31,9.15,-0.86
25-Oct-12,9.27,9.32,9.41,9.27,-1.07
24-Oct-12,9.37,9.43,9.45,9.32,0.11
23-Oct-12,9.36,9.39,9.41,9.3,-0.32
22-Oct-12,9.39,9.45,9.51,9.38,-0.63
19-Oct-12,9.45,9.49,9.56,9.43,-0.42
18-Oct-12,9.49,9.53,9.63,9.4,-0.63
17-Oct-12,9.55,9.53,9.55,9.36,0.84
16-Oct-12,9.47,9.6,9.6,9.405,-1.15
15-Oct-12,9.58,9.55,9.65,9.54,-0.73
12-Oct-12,9.65,9.65,9.65,9.65,0
11-Oct-12,9.65,9.52,9.65,9.494,0
10-Oct-12,9.65,9.63,9.68,9.63,0.31
9-Oct-12,9.62,9.63,9.66,9.62,-0.62
8-Oct-12,9.68,9.66,9.72,9.65,0
5-Oct-12,9.68,9.7,9.7,9.68,-1.53
4-Oct-12,9.83,9.78,9.83,9.78,0.31
3-Oct-12,9.8,9.81,9.81,9.75,-0.2
2-Oct-12,9.82,9.78,9.84,9.73,-0.2
1-Oct-12,9.84,9.78,9.84,9.77,0.56
28-Sep-12,9.785,9.86,9.86,9.735,-0.96
27-Sep-12,9.88,9.85,9.88,9.83,-0.05
26-Sep-12,9.885,9.95,9.95,9.84,0.36
25-Sep-12,9.85,9.88,9.96,9.85,-0.91
24-Sep-12,9.94,9.96,9.97,9.91,-0.3
23-Sep-12,9.97,9.97,9.97,9.97,0
22-Sep-12,9.97,9.97,9.97,9.97,0
21-Sep-12,9.97,9.92,9.97,9.909,0.4
20-Sep-12,9.93,9.94,10.01,9.81,-0.3
19-Sep-12,9.96,9.936,10.01,9.91,0.24
18-Sep-12,9.936,9.91,9.98,9.88,-0.34
17-Sep-12,9.97,9.946,9.97,9.86,0.1
14-Sep-12,9.96,10.07,10.07,9.94,2.26
13-Sep-12,9.74,9.74,9.74,9.74,0
12-Sep-12,9.74,9.77,9.77,9.71,0.31
11-Sep-12,9.71,9.72,9.72,9.71,-0.21
10-Sep-12,9.73,9.68,9.73,9.68,0.31
7-Sep-12,9.7,9.7,9.7,9.7,0
6-Sep-12,9.7,9.59,9.75,9.59,0.52
5-Sep-12,9.65,9.64,9.69,9.6,0.21
4-Sep-12,9.63,9.58,9.68,9.58,0.31
3-Sep-12,9.6,9.59,9.6,9.53,0.31
31-Aug-12,9.57,9.65,9.65,9.57,-1.44
30-Aug-12,9.71,9.68,9.82,9.68,-1.12
29-Aug-12,9.82,9.72,9.83,9.72,0.72
28-Aug-12,9.75,9.8,9.8,9.74,-0.71
27-Aug-12,9.82,9.84,9.84,9.79,-0.1
24-Aug-12,9.83,9.83,9.87,9.83,-1.31
23-Aug-12,9.96,10.04,10.04,9.93,-0.4
22-Aug-12,10,9.92,10.048,9.92,1.11
21-Aug-12,9.89,10.07,10.12,9.88,-1
20-Aug-12,9.99,10.01,10.02,9.82,2.67
17-Aug-12,9.73,9.78,9.8,9.628,-0.51
16-Aug-12,9.78,9.71,9.82,9.67,1.45
15-Aug-12,9.64,9.66,9.73,9.59,-0.31
14-Aug-12,9.67,9.64,9.69,9.64,0
13-Aug-12,9.67,9.73,9.77,9.66,-0.82
10-Aug-12,9.75,9.61,9.77,9.525,2.2
9-Aug-12,9.54,9.55,9.559,9.54,0.42
8-Aug-12,9.5,9.5,9.57,9.47,0.64
7-Aug-12,9.44,9.47,9.52,9.395,-0.11
6-Aug-12,9.45,9.45,9.45,9.41,-0.63
5-Aug-12,9.51,9.51,9.51,9.51,0
3-Aug-12,9.51,9.42,9.51,9.375,1.28
2-Aug-12,9.39,9.42,9.48,9.35,-0.11
1-Aug-12,9.4,9.44,9.5,9.37,-0.63
31-Jul-12,9.46,9.6,9.6,9.44,-1.05
30-Jul-12,9.56,9.545,9.62,9.505,-0.31
27-Jul-12,9.59,9.47,9.6,9.42,1.59
26-Jul-12,9.44,9.41,9.44,9.31,0.43
25-Jul-12,9.4,9.49,9.51,9.36,-0.95
24-Jul-12,9.49,9.294,9.49,9.294,1.28
23-Jul-12,9.37,9.37,9.39,9.28,0.54
20-Jul-12,9.32,9.53,9.53,9.3,-1.06
19-Jul-12,9.42,9.48,9.63,9.38,-1.67
18-Jul-12,9.58,9.65,9.7,9.53,-0.83
17-Jul-12,9.66,9.63,9.707,9.6,1.15
16-Jul-12,9.55,9.62,9.65,9.45,-0.93
13-Jul-12,9.64,9.81,9.81,9.55,-0.92
12-Jul-12,9.73,9.66,9.74,9.59,0.41
11-Jul-12,9.69,9.78,9.82,9.63,-0.92
10-Jul-12,9.78,9.83,9.89,9.77,-2.27
9-Jul-12,10.007,9.92,10.007,9.823,0.88
8-Jul-12,9.92,9.92,9.92,9.92,0
7-Jul-12,9.92,9.92,9.92,9.92,0
6-Jul-12,9.92,9.99,10.015,9.83,-0.21
5-Jul-12,9.941,9.83,10.191,9.83,0.11
4-Jul-12,9.93,9.77,10.181,9.77,0.51
3-Jul-12,9.88,9.881,9.92,9.752,0.65
2-Jul-12,9.816,9.92,10.191,9.816,-1.05
1-Jul-12,9.92,9.92,9.92,9.92,0
29-Jun-12,9.92,10.301,10.301,9.92,-3.23
28-Jun-12,10.251,10.151,10.261,9.939,3.23
27-Jun-12,9.93,9.92,10.221,9.836,0.3
26-Jun-12,9.9,9.71,10.228,9.71,0.51
25-Jun-12,9.85,9.88,10.161,9.83,-3.72
22-Jun-12,10.231,10.201,10.231,9.942,-0.58
21-Jun-12,10.291,10.05,10.291,9.99,2.09
20-Jun-12,10.08,10.12,10.321,10.009,-2.24
19-Jun-12,10.311,10.177,10.311,10.124,0.89
18-Jun-12,10.22,10.33,10.354,10.22,-2.96
16-Jun-12,10.532,10.532,10.532,10.532,0
15-Jun-12,10.532,10.372,10.542,10.202,0.96
14-Jun-12,10.432,10.442,10.472,10.24,-0.57
13-Jun-12,10.492,10.532,10.532,10.25,-0.29
12-Jun-12,10.522,10.484,10.572,10.349,-1.22
11-Jun-12,10.652,10.442,10.672,10.302,1.33
8-Jun-12,10.512,10.672,10.672,10.344,-1.87
7-Jun-12,10.712,10.712,10.712,10.712,0
6-Jun-12,10.712,10.872,10.873,10.52,-1.48
5-Jun-12,10.873,10.873,11.003,10.63,0.01
4-Jun-12,10.872,10.4,10.983,10.4,4.54
1-Jun-12,10.4,10.316,10.4,10.228,-0.69
31-May-12,10.472,10.07,10.492,10.07,1.56
30-May-12,10.311,10.201,10.371,9.995,0.39
29-May-12,10.271,10.421,10.421,10.07,0.2
28-May-12,10.25,10.32,10.522,10.214,-2.4
27-May-12,10.502,10.502,10.502,10.502,1.76
25-May-12,10.32,10.42,10.42,10.27,-0.96
24-May-12,10.42,10.36,10.622,10.26,1.36
23-May-12,10.28,10.45,10.472,10.17,-1.72
22-May-12,10.46,10.09,10.652,10.08,3.36
21-May-12,10.12,10.12,10.301,9.99,1
18-May-12,10.02,10.04,10.221,9.93,-0.89
17-May-12,10.11,10.17,10.32,10.03,-0.69
16-May-12,10.18,10.18,10.28,10.16,-0.68
15-May-12,10.25,10.31,10.482,10.2,-0.49
14-May-12,10.3,10.32,10.472,10.2,0.19
11-May-12,10.28,10.1,10.432,10.07,1.08
10-May-12,10.17,10.44,10.602,10.15,-2.31
9-May-12,10.41,10.22,10.592,10.22,1.66
8-May-12,10.24,10.05,10.371,9.93,2.3
7-May-12,10.01,10.175,10.558,9.86,-1.38
6-May-12,10.15,10.15,10.15,10.15,0
4-May-12,10.15,10.592,10.592,10.08,-3.52
3-May-12,10.52,10.66,10.678,10.46,-0.57
2-May-12,10.58,10.65,10.77,10.51,-1.21
1-May-12,10.71,10.71,10.71,10.71,0
30-Apr-12,10.71,10.555,10.832,10.555,0.28
27-Apr-12,10.68,10.65,10.782,10.55,0.28
26-Apr-12,10.65,10.51,10.742,10.45,1.04
25-Apr-12,10.54,10.65,10.742,10.52,-1.13
24-Apr-12,10.66,10.882,10.882,10.64,-0.93
23-Apr-12,10.76,10.755,10.943,10.73,-0.09
20-Apr-12,10.77,10.74,10.8,10.72,0
19-Apr-12,10.77,10.76,10.903,10.61,0.19
18-Apr-12,10.75,10.76,10.903,10.67,-0.09
17-Apr-12,10.76,10.82,10.923,10.75,-0.28
16-Apr-12,10.79,10.76,10.943,10.74,0.09
14-Apr-12,10.78,10.78,10.78,10.78,0
13-Apr-12,10.78,10.84,10.943,10.74,-0.19
12-Apr-12,10.8,10.892,10.973,10.75,0.19
11-Apr-12,10.78,10.842,10.943,10.744,0.56
10-Apr-12,10.72,11.12,11.12,10.7,-1.38
9-Apr-12,10.87,10.95,11.073,10.84,-1.36
8-Apr-12,11.02,11.02,11.02,11.02,0
6-Apr-12,11.02,11.02,11.02,11.02,0
5-Apr-12,11.02,11.06,11.163,11,-1.17
4-Apr-12,11.15,11.18,11.304,11.07,-0.27
3-Apr-12,11.18,11.05,11.274,11.05,0.99
2-Apr-12,11.07,11.16,11.193,11.06,-1.55
30-Mar-12,11.244,11.16,11.254,11.1,0.75
29-Mar-12,11.16,11.14,11.17,11.073,0.36
28-Mar-12,11.12,11.18,11.294,11.12,-0.71
27-Mar-12,11.2,11.32,11.344,11.19,-1.7
26-Mar-12,11.394,11.41,11.444,11.25,0.26
23-Mar-12,11.364,11.424,11.424,11.245,-0.53
22-Mar-12,11.424,11.41,11.424,11.27,-0.7
21-Mar-12,11.504,11.51,11.554,11.41,0.38
20-Mar-12,11.46,11.604,11.695,11.46,-1.24
19-Mar-12,11.604,11.33,11.614,11.33,2.01
16-Mar-12,11.375,11.27,11.5,11.27,0.4
15-Mar-12,11.33,11.46,11.5,11.33,-2.02
14-Mar-12,11.564,11.33,11.604,11.265,1.4
13-Mar-12,11.404,11.264,11.404,11.13,1.25
12-Mar-12,11.263,11.155,11.28,11.036,2.06
10-Mar-12,11.036,11.036,11.036,11.036,0
9-Mar-12,11.036,11.273,11.294,11.02,-1.29
8-Mar-12,11.18,11.265,11.384,11.155,-0.89
7-Mar-12,11.28,11.22,11.384,11.22,-0.09
6-Mar-12,11.29,11.3,11.394,11.23,0
5-Mar-12,11.29,11.32,11.434,11,1.9
2-Mar-12,11.08,11.384,11.414,11.03,-0.09
1-Mar-12,11.09,10.97,11.434,10.97,-2.67
29-Feb-12,11.394,11,11.414,10.99,0
28-Feb-12,11.394,11.414,11.443,11.07,1.91
27-Feb-12,11.18,11.275,11.504,11.11,-2.39
25-Feb-12,11.454,11.454,11.454,11.454,2.73
24-Feb-12,11.15,11.12,11.474,11.04,-1.54
23-Feb-12,11.324,10.93,11.324,10.93,2.59
22-Feb-12,11.038,11.053,11.09,10.86,1.36
20-Feb-12,10.89,10.89,10.89,10.89,0
19-Feb-12,10.89,10.89,10.89,10.89,0
17-Feb-12,10.89,11.07,11.07,10.87,-0.37
16-Feb-12,10.93,11.173,11.254,10.86,0.18
15-Feb-12,10.91,10.93,11.2,10.86,-0.09
14-Feb-12,10.92,11.314,11.334,10.85,-0.91
13-Feb-12,11.02,11.49,11.49,10.954,-0.09
10-Feb-12,11.03,11.49,11.584,11.03,-1.52
9-Feb-12,11.2,11.51,11.644,11.2,-0.44
8-Feb-12,11.25,11.47,11.604,11.2,0.27
7-Feb-12,11.22,11.36,11.564,11.14,-0.18
6-Feb-12,11.24,11.39,11.544,11.14,0.54
3-Feb-12,11.18,11.14,11.47,11.12,-0.09
2-Feb-12,11.19,11.11,11.534,11.11,-0.18
1-Feb-12,11.21,11.504,11.52,11.15,-0.18
31-Jan-12,11.23,11.424,11.504,11.15,-1.7
30-Jan-12,11.424,11.444,11.444,11.34,-0.44
27-Jan-12,11.474,11.49,11.514,11.41,-0.43
26-Jan-12,11.524,11.624,11.624,11.47,-0.87
24-Jan-12,11.625,11.54,11.625,11.54,0.18
23-Jan-12,11.604,11.514,11.614,11.5,0.52
20-Jan-12,11.544,11.59,11.594,11.51,-0.35
19-Jan-12,11.584,11.515,11.625,11.48,0.77
18-Jan-12,11.495,11.365,11.59,11.365,-0.35
17-Jan-12,11.535,11.365,11.548,11.365,0.25
16-Jan-12,11.506,11.365,11.55,11.365,-0.42
13-Jan-12,11.555,11.55,11.59,11.53,-0.17
12-Jan-12,11.575,11.55,11.635,11.485,0.35
11-Jan-12,11.535,11.484,11.545,11.365,0.44
10-Jan-12,11.485,11.515,11.515,11.29,-0.16
9-Jan-12,11.503,11.29,11.6,11.29,-0.58
6-Jan-12,11.57,11.29,11.57,11.29,0.89
5-Jan-12,11.468,11.29,11.468,11.29,0.7
4-Jan-12,11.388,11.29,11.4,11.29,1.1
3-Jan-12,11.264,11.28,11.295,11.25,-0.15
2-Jan-12,11.281,11.365,11.365,11.27,1.45
30-Dec-11,11.12,11.365,11.365,11.12,-1.51
29-Dec-11,11.29,11.365,11.365,11.29,-0.5
28-Dec-11,11.347,11.365,11.41,11.32,-0.29
27-Dec-11,11.38,11.365,11.42,11.355,-0.42
26-Dec-11,11.428,11.365,11.428,11.36,0.48
23-Dec-11,11.373,11.255,11.373,11.255,0.29
22-Dec-11,11.34,11.23,11.375,11.23,0.98
21-Dec-11,11.23,11.265,11.31,11.223,-0.27
20-Dec-11,11.26,11.33,11.33,11.26,-0.57
19-Dec-11,11.325,11.22,11.33,11.22,0.29
16-Dec-11,11.292,11.22,11.33,11.21,0.36
15-Dec-11,11.252,11.165,11.29,11.165,0.78
14-Dec-11,11.165,11.105,11.18,11.105,0.47
13-Dec-11,11.113,11.105,11.135,11.08,0.12
12-Dec-11,11.1,11.155,11.155,11.1,-0.63
9-Dec-11,11.17,11.14,11.182,11.13,0.14
8-Dec-11,11.154,11.13,11.205,11.12,-0.21
7-Dec-11,11.177,11.19,11.25,11.177,0.16
6-Dec-11,11.159,11.21,11.241,11.15,-1.05
5-Dec-11,11.277,11.17,11.31,11.17,0.22
2-Dec-11,11.252,11.125,11.34,11.125,0.82
1-Dec-11,11.16,11.19,11.275,11.12,0.5
30-Nov-11,11.104,11.19,11.29,11.064,-1.12
29-Nov-11,11.23,11.21,11.245,11.19,1
28-Nov-11,11.119,11.27,11.4,11.109,-0.28
25-Nov-11,11.15,11.27,11.27,11.119,-0.89
24-Nov-11,11.25,11.24,11.5,11.21,0.18
23-Nov-11,11.23,11.25,11.39,11.2,0
22-Nov-11,11.23,11.169,11.24,11.13,0.55
21-Nov-11,11.169,11.09,11.24,11.089,0.71
18-Nov-11,11.09,11.07,11.24,11.059,-0.09
17-Nov-11,11.1,11.24,11.27,11.1,-1.62
16-Nov-11,11.283,11.24,11.5,11.24,-0.35
14-Nov-11,11.323,11.24,11.323,11.24,1.19
11-Nov-11,11.19,11.21,11.29,11.19,-0.18
10-Nov-11,11.21,11.24,11.275,11.16,0.9
9-Nov-11,11.11,11.18,11.29,11.1,-0.63
8-Nov-11,11.18,11.26,11.34,11.13,-0.71
7-Nov-11,11.26,11.36,11.48,11.25,-0.88
4-Nov-11,11.36,11.52,11.615,11.36,-0.79
3-Nov-11,11.45,11.44,11.615,11.429,0.09
1-Nov-11,11.44,11.42,11.615,11.41,-0.09
31-Oct-11,11.45,11.509,11.615,11.44,-0.52
28-Oct-11,11.51,11.62,11.675,11.51,-0.95
27-Oct-11,11.62,11.45,11.72,11.449,1.48
26-Oct-11,11.45,11.68,11.72,11.43,-0.87
25-Oct-11,11.55,11.568,11.72,11.509,-0.16
24-Oct-11,11.568,11.72,11.72,11.568,-0.52
21-Oct-11,11.628,11.72,11.72,11.628,0.11
20-Oct-11,11.615,11.72,11.72,11.54,0.04
19-Oct-11,11.61,11.63,11.8,11.555,-0.57
18-Oct-11,11.677,11.72,11.8,11.615,-0.03
17-Oct-11,11.68,11.72,11.8,11.67,0.45
14-Oct-11,11.628,11.628,11.628,11.628,0.24
13-Oct-11,11.6,11.48,11.7,11.48,0.61
11-Oct-11,11.53,11.59,11.7,11.49,-0.56
10-Oct-11,11.595,11.55,11.7,11.55,0.56
7-Oct-11,11.53,11.57,11.9,11.5,-0.19
6-Oct-11,11.552,11.47,11.85,11.47,0.71
5-Oct-11,11.47,11.64,11.9,11.46,-1.04
4-Oct-11,11.59,11.41,11.85,11.41,1.39
3-Oct-11,11.431,11.62,11.85,11.42,-1.62
30-Sep-11,11.619,11.7,12.1,11.61,-0.66
29-Sep-11,11.696,12,12,11.68,0.27
28-Sep-11,11.664,11.71,12.1,11.664,-0.11
27-Sep-11,11.677,11.93,12.15,11.54,-0.11
26-Sep-11,11.69,11.8,11.93,11.69,-1.87
23-Sep-11,11.913,12.26,12.4,11.913,-3.12
22-Sep-11,12.297,12.13,12.55,11.96,1.04
21-Sep-11,12.17,11.96,12.2,11.96,1.39
20-Sep-11,12.003,11.45,12.3,11.45,0.36
19-Sep-11,11.96,11.45,11.96,11.45,1.67
16-Sep-11,11.764,11.45,12.1,11.45,2.74
15-Sep-11,11.45,11.45,12,11.45,-2.35
14-Sep-11,11.725,11.45,12,11.45,0.56
13-Sep-11,11.66,11.45,11.9,11.45,2.87
12-Sep-11,11.335,11.6,11.8,11.335,-0.7
9-Sep-11,11.415,11.6,12,11.415,-0.98
8-Sep-11,11.528,11.44,11.7,11.405,0.84
6-Sep-11,11.432,11.6,11.8,11.38,-2.32
5-Sep-11,11.703,11.38,11.9,11.38,-1.66
2-Sep-11,11.9,11.38,11.9,11.38,3.53
1-Sep-11,11.494,11.64,11.81,11.47,-1.28
31-Aug-11,11.643,11.61,11.9,11.535,0.67
30-Aug-11,11.565,11.4,11.8,11.4,1.54
29-Aug-11,11.39,11.71,11.71,11.36,-2.99
26-Aug-11,11.741,11.94,12.1,11.71,-1.54
25-Aug-11,11.925,11.96,11.985,11.9,-0.27
24-Aug-11,11.957,11.96,12.1,11.957,1.19
23-Aug-11,11.816,11.83,11.9,11.794,-0.2
22-Aug-11,11.84,11.79,11.9,11.79,-0.25
19-Aug-11,11.87,11.75,11.87,11.67,1.32
18-Aug-11,11.715,11.87,11.87,11.715,-1.53
17-Aug-11,11.897,12.1,12.1,11.88,-4.1
16-Aug-11,12.405,12.15,12.405,12.15,2.19
15-Aug-11,12.139,12.405,12.405,12.11,-2.1
12-Aug-11,12.4,12.405,12.47,12.4,-0.72
11-Aug-11,12.49,12.34,12.49,12.34,0.99
10-Aug-11,12.368,12.405,12.405,12.27,0.54
9-Aug-11,12.301,12.405,12.41,12.29,0.27
8-Aug-11,12.268,12.405,12.42,12.268,-1.22
5-Aug-11,12.42,12.515,12.515,12.42,-0.04
4-Aug-11,12.425,12.555,12.555,12.425,-0.6
3-Aug-11,12.5,12.535,12.59,12.435,-0.4
2-Aug-11,12.55,12.555,12.69,12.55,-1.22
1-Aug-11,12.705,12.805,12.81,12.705,-0.82
29-Jul-11,12.81,12.85,12.85,12.775,0.27
28-Jul-11,12.775,12.555,12.775,12.555,0.94
27-Jul-11,12.656,12.555,12.74,12.555,0.56
26-Jul-11,12.585,12.555,12.65,12.555,-0.51
25-Jul-11,12.65,12.555,12.65,12.55,0.4
22-Jul-11,12.6,12.59,12.6,12.54,-0.24
21-Jul-11,12.63,12.555,12.63,12.555,0.72
20-Jul-11,12.54,12.555,12.6,12.515,0.24
19-Jul-11,12.51,12.555,12.555,12.51,-0.16
18-Jul-11,12.53,12.54,12.57,12.52,-0.32
15-Jul-11,12.57,12.486,12.82,12.375,0.8
14-Jul-11,12.47,12.47,12.6,12.46,0.08
13-Jul-11,12.46,12.43,12.82,12.375,-0.24
12-Jul-11,12.49,12.42,12.78,12.2,0.62
11-Jul-11,12.413,12.429,12.6,12.4,-0.06
8-Jul-11,12.42,12.381,12.52,12.375,0.06
7-Jul-11,12.412,12.41,12.49,12.245,0.39
6-Jul-11,12.364,12.408,12.5,12.364,-0.43
5-Jul-11,12.417,12.408,12.47,12.36,0.48
4-Jul-11,12.358,12.46,12.55,12.358,-0.15
1-Jul-11,12.377,12.429,12.82,12.377,-0.69
30-Jun-11,12.463,13.509,13.509,12.425,0.35
29-Jun-11,12.42,12.404,13.499,12.35,0.12
28-Jun-11,12.405,12.374,12.485,12.355,0.45
27-Jun-11,12.35,12.418,12.485,12.34,-0.08
24-Jun-11,12.36,12.409,12.425,12.355,-1.49
22-Jun-11,12.547,12.352,12.547,12.24,0.94
21-Jun-11,12.43,12.349,12.45,12.33,0.77
20-Jun-11,12.335,12.337,12.485,12.24,0.03
17-Jun-11,12.331,12.293,12.61,12.24,0.1
16-Jun-11,12.319,12.313,12.485,12.28,0.36
15-Jun-11,12.275,12.267,12.485,12.267,-0.16
14-Jun-11,12.295,12.258,12.485,12.25,0.34
13-Jun-11,12.253,12.31,12.485,12.24,0.1
10-Jun-11,12.241,12.318,12.6,12.24,-0.41
9-Jun-11,12.292,12.399,12.399,12.25,-0.07
8-Jun-11,12.301,12.447,12.547,12.301,-1.96
7-Jun-11,12.547,12.438,12.547,12.38,0
6-Jun-11,12.547,12.447,12.547,12.42,0.7
3-Jun-11,12.46,12.447,12.6,12.42,-0.69
2-Jun-11,12.547,12.447,12.71,12.42,0
1-Jun-11,12.547,12.501,12.55,12.39,0
31-May-11,12.547,12.553,12.6,12.41,0
30-May-11,12.547,12.544,12.55,12.46,0
27-May-11,12.547,12.565,12.58,12.47,0
26-May-11,12.547,12.615,12.7,12.25,0
25-May-11,12.547,12.535,12.69,12.485,0.97
24-May-11,12.427,12.524,12.65,12.427,0
23-May-11,12.427,12.494,12.57,12.427,0
20-May-11,12.427,12.445,12.55,12.427,0
19-May-11,12.427,12.445,12.5,12.425,0
18-May-11,12.427,12.532,12.7,12.42,0
17-May-11,12.427,12.511,12.555,12.42,-0.5
16-May-11,12.49,12.502,12.555,12.48,0.04
13-May-11,12.485,12.56,12.575,12.48,-0.04
12-May-11,12.49,12.48,12.57,12.47,-0.08
11-May-11,12.5,12.61,12.61,12.5,-0.18
10-May-11,12.523,12.56,12.6,12.5,0.06
9-May-11,12.515,12.605,12.65,12.5,0.62
6-May-11,12.438,12.63,12.735,12.438,0
5-May-11,12.438,12.7,12.7,12.438,0
4-May-11,12.438,12.67,12.8,12.438,0
3-May-11,12.438,12.63,12.86,12.438,-1.68
2-May-11,12.65,12.64,12.76,12.438,1.91
29-Apr-11,12.413,12.15,12.785,12.15,-0.02
28-Apr-11,12.415,12.15,12.89,12.15,-0.02
27-Apr-11,12.418,12.8,13,12.438,-0.09
26-Apr-11,12.429,12.92,13.03,12.438,0.05
25-Apr-11,12.423,12.78,12.92,12.438,0.17
20-Apr-11,12.402,12.76,12.83,12.438,-0.1
19-Apr-11,12.414,12.74,12.815,12.438,0.05
18-Apr-11,12.408,12.7,12.85,12.438,0.08
15-Apr-11,12.398,12.71,12.92,12.438,-0.02
14-Apr-11,12.401,12.77,12.83,12.438,-0.02
13-Apr-11,12.404,12.83,12.85,12.438,-0.02
12-Apr-11,12.406,12.87,12.87,12.438,-0.02
11-Apr-11,12.409,12.87,13.16,12.438,0.07
8-Apr-11,12.4,12.8,12.87,12.438,-0.02
7-Apr-11,12.403,12.86,12.88,12.438,-0.02
6-Apr-11,12.405,12.88,13.09,12.438,-0.02
5-Apr-11,12.408,12.8,12.88,12.438,-0.02
4-Apr-11,12.411,12.87,12.92,12.438,0.08
1-Apr-11,12.401,13.02,13.02,12.438,-0.3
31-Mar-11,12.438,12.93,13,12.438,-3.87
30-Mar-11,12.939,12.97,12.98,12.438,0.65
29-Mar-11,12.855,12.86,12.93,12.438,0.37
28-Mar-11,12.807,12.83,12.9,12.438,2.97
25-Mar-11,12.438,12.88,12.9,12.438,0
24-Mar-11,12.438,12.81,12.93,12.25,0
23-Mar-11,12.438,12.87,12.89,12.25,0
22-Mar-11,12.438,12.88,12.9,12.25,-3
21-Mar-11,12.823,12.82,13.03,12.438,0.16
18-Mar-11,12.803,12.82,13.01,12.438,0.39
17-Mar-11,12.753,12.74,12.85,12.438,2.53
16-Mar-11,12.438,12.76,12.89,12.438,-1.74
15-Mar-11,12.658,12.59,12.85,12.43,0.68
14-Mar-11,12.573,12.59,12.78,12.438,-0.43
11-Mar-11,12.627,12.48,12.78,12.438,0
10-Mar-11,12.627,12.48,12.79,12.438,1.52
9-Mar-11,12.438,12.69,12.75,12.438,-1.85
4-Mar-11,12.673,12.46,12.84,12.438,0.77
3-Mar-11,12.576,12.46,12.74,12.438,0.58
2-Mar-11,12.504,12.46,12.6,12.438,0.09
28-Feb-11,12.493,12.5,12.55,12.33,0.26
25-Feb-11,12.46,12.53,12.6,12.33,0.18
23-Feb-11,12.438,12.23,12.64,12.23,-0.5
22-Feb-11,12.5,12.51,12.63,12.438,-0.48
21-Feb-11,12.56,12.68,12.68,12.438,0.4
18-Feb-11,12.51,12.625,12.625,12.438,-0.24
17-Feb-11,12.54,12.68,12.73,12.438,-1.26
16-Feb-11,12.7,12.795,12.87,12.438,-0.63
15-Feb-11,12.78,12.92,12.92,12.22,-0.41
14-Feb-11,12.833,12.8,12.97,12.438,0.18
11-Feb-11,12.81,12.8,12.9,12.438,0.23
10-Feb-11,12.78,12.64,12.99,12.22,0.55
9-Feb-11,12.71,12.7,12.82,12.438,-0.08
8-Feb-11,12.72,12.97,13.09,12.438,-1.85
7-Feb-11,12.96,13.02,13.86,12.438,-0.15
4-Feb-11,12.98,12.88,13.06,12.438,1.09
3-Feb-11,12.84,12.79,12.91,12.438,0.08
2-Feb-11,12.83,12.92,13.05,12.438,-0.7
1-Feb-11,12.92,13.05,13.07,12.438,3.88
31-Jan-11,12.438,12.81,12.9,12.438,-2.98
28-Jan-11,12.82,12.845,12.875,12.7,0.23
27-Jan-11,12.79,12.67,13.075,12.67,-0.31
26-Jan-11,12.83,12.67,12.83,12.67,1.42
24-Jan-11,12.65,12.62,12.715,12.438,0.4
21-Jan-11,12.6,12.56,12.7,12.438,-0.16
20-Jan-11,12.62,12.585,12.66,12.525,1.46
19-Jan-11,12.438,12.57,12.67,12.438,-1.21
18-Jan-11,12.59,12.57,12.75,12.438,-0.47
17-Jan-11,12.65,12.57,12.75,12.438,0.72
14-Jan-11,12.56,12.5,12.6,12.438,0.98
13-Jan-11,12.438,12.49,12.58,12.425,-0.5
12-Jan-11,12.5,12.41,12.51,12.39,0.89
11-Jan-11,12.39,12.47,12.6,12.36,-0.39
10-Jan-11,12.438,12.36,12.48,12.3,0.52
7-Jan-11,12.374,12.17,12.438,12.14,1.93
6-Jan-11,12.14,12.14,12.438,12.1,0.33
5-Jan-11,12.1,12.17,12.438,12.06,0.41
4-Jan-11,12.05,12.05,12.438,12.02,-3.12
3-Jan-11,12.438,12.19,12.438,12.01,0
30-Dec-10,12.438,12.27,12.438,12.17,0.6
29-Dec-10,12.364,12.36,12.438,12.26,0.6
28-Dec-10,12.29,12.345,12.438,12.29,-0.32
27-Dec-10,12.33,12.32,12.44,12.32,0.08
23-Dec-10,12.32,12.29,12.438,12.22,0.08
22-Dec-10,12.31,12.49,12.62,12.26,-1.28
21-Dec-10,12.47,12.51,12.61,12.42,0.16
20-Dec-10,12.45,12.5,12.6,12.43,-0.08
17-Dec-10,12.46,12.535,12.575,12.41,0.03
16-Dec-10,12.456,12.555,12.79,12.438,-0.91
15-Dec-10,12.57,12.435,12.57,12.385,0.61
14-Dec-10,12.494,12.375,12.55,12.335,0.37
13-Dec-10,12.448,12.335,12.5,12.285,0.34
10-Dec-10,12.406,12.5,12.5,12.32,-0.27
9-Dec-10,12.44,12.4,12.54,12.345,0.38
8-Dec-10,12.393,12.29,12.5,12.28,0.07
7-Dec-10,12.384,12.33,12.438,12.25,-0.43
6-Dec-10,12.438,12.315,12.438,12.305,0.18
3-Dec-10,12.416,12.3,12.8,12.125,0.92
2-Dec-10,12.303,12.38,12.72,12.3,-0.62
1-Dec-10,12.38,12.46,12.65,12.34,-1.8
30-Nov-10,12.607,12.49,12.72,12.43,1.36
29-Nov-10,12.438,12.72,13.09,12.37,0
26-Nov-10,12.438,12.365,12.5,12.26,0.3
25-Nov-10,12.401,12.49,12.72,11.87,-1.57
24-Nov-10,12.599,12.72,12.78,12.438,-0.48
23-Nov-10,12.66,12.76,12.91,12.62,-0.78
22-Nov-10,12.76,12.441,12.82,12.43,2.56
19-Nov-10,12.441,12.462,12.56,12.43,-0.17
18-Nov-10,12.462,12.49,12.61,11.89,0.31
17-Nov-10,12.424,12.414,12.57,12.36,0.08
16-Nov-10,12.414,12.35,12.5,11.89,1.42
12-Nov-10,12.24,12.25,12.25,12.18,0.48
11-Nov-10,12.182,12.22,12.28,12.182,-0.31
10-Nov-10,12.22,12.285,12.32,12.155,0.21
9-Nov-10,12.195,12.19,12.235,11.89,0.04
8-Nov-10,12.19,12.08,12.3,11.925,0.99
5-Nov-10,12.07,11.925,12.07,11.89,1.22
4-Nov-10,11.925,11.89,11.95,11.76,0.29
3-Nov-10,11.89,11.85,11.97,11.77,0.34
1-Nov-10,11.85,11.92,12.32,11.82,-0.59
29-Oct-10,11.92,12.17,12.38,11.92,-2.05
28-Oct-10,12.17,12.27,12.3,12.17,-0.81
27-Oct-10,12.27,12.125,12.35,12.125,1.2
26-Oct-10,12.125,12.14,12.31,12.08,-1.02
25-Oct-10,12.25,12.14,12.37,12.14,0.66
22-Oct-10,12.17,12.13,12.31,12.1,0.33
21-Oct-10,12.13,11.625,12.15,11.625,1.25
20-Oct-10,11.98,11.48,12.02,11.48,0.25
19-Oct-10,11.95,11.48,12.02,11.48,2.49
18-Oct-10,11.66,11.48,11.66,11.48,1.57
15-Oct-10,11.48,11.76,11.76,11.43,-0.95
14-Oct-10,11.59,11.77,11.86,11.49,-1.53
13-Oct-10,11.77,11.83,11.89,11.28,-0.51
11-Oct-10,11.83,11.83,11.91,11.81,-0.08
8-Oct-10,11.84,11.875,11.92,11.79,0
7-Oct-10,11.84,11.94,11.94,11.84,-0.84
6-Oct-10,11.94,11.91,11.96,11.82,0.42
5-Oct-10,11.89,11.855,12.05,11.855,-0.42
4-Oct-10,11.94,12,12,11.84,-0.33
1-Oct-10,11.98,12.15,12.15,11.86,-0.33
30-Sep-10,12.02,11.92,12.04,11.89,0.84
29-Sep-10,11.92,11.93,12.01,11.82,-0.08
28-Sep-10,11.93,11.685,11.97,11.685,1.1
27-Sep-10,11.8,11.86,11.87,11.53,0.77
24-Sep-10,11.71,11.86,11.86,11.59,-0.34
23-Sep-10,11.75,11.91,11.91,11.75,-1.34
22-Sep-10,11.91,11.86,12.03,11.77,0.51
21-Sep-10,11.85,11.69,11.98,11.69,-0.46
20-Sep-10,11.905,11.69,11.905,11.69,0.55
17-Sep-10,11.84,11.69,12.11,11.69,-1
16-Sep-10,11.96,11.78,12.01,11.69,1.53
15-Sep-10,11.78,11.565,11.87,11.565,0.43
14-Sep-10,11.73,11.565,11.82,11.565,-0.26
13-Sep-10,11.76,11.565,11.83,11.565,0.34
10-Sep-10,11.72,11.565,11.77,11.565,0.17
9-Sep-10,11.7,11.65,11.83,11.43,0.43
8-Sep-10,11.65,11.63,11.66,11.38,0.43
6-Sep-10,11.6,11.63,11.66,11.6,0.82
3-Sep-10,11.506,11.645,11.78,11.506,-1.91
2-Sep-10,11.73,11.68,11.76,11.506,0.43
1-Sep-10,11.68,11.51,11.68,11.506,1.48
31-Aug-10,11.51,11.575,11.575,11.506,-0.52
30-Aug-10,11.57,11.56,11.575,11.55,1.14
26-Aug-10,11.44,11.3,11.44,11.27,1.24
25-Aug-10,11.3,11.27,11.345,11.26,0.36
24-Aug-10,11.26,11.537,11.537,11.26,-0.44
23-Aug-10,11.31,11.49,11.492,11.31,-1.57
20-Aug-10,11.49,11.48,12.16,11.48,-0.17
19-Aug-10,11.51,11.56,11.56,11.46,-0.26
18-Aug-10,11.54,11.7,11.7,11.54,-1.11
17-Aug-10,11.67,11.7,11.7,11.64,-0.26
16-Aug-10,11.7,11.82,11.831,11.69,-1.18
13-Aug-10,11.84,11.82,11.84,11.82,0.17
12-Aug-10,11.82,11.79,11.82,11.78,0.25
11-Aug-10,11.79,11.875,11.875,11.79,-0.25
10-Aug-10,11.82,12.03,12.03,11.82,-0.59
9-Aug-10,11.89,12.02,12.04,11.888,-1.08
6-Aug-10,12.02,11.99,12.04,11.99,0.25
5-Aug-10,11.99,12.07,12.071,11.99,-0.66
4-Aug-10,12.07,11.98,12.07,11.98,0.58
3-Aug-10,12,11.95,12,11.94,0.42
2-Aug-10,11.95,12.09,12.09,11.95,-0.5
30-Jul-10,12.01,12.12,12.12,12,-0.93
29-Jul-10,12.123,12.111,12.18,12.045,0.02
28-Jul-10,12.12,12.052,12.225,12.045,0.56
27-Jul-10,12.052,12.08,12.09,12.052,-0.22
26-Jul-10,12.079,12.225,12.225,12.079,-0.61
23-Jul-10,12.153,12.135,12.225,12.13,0.16
22-Jul-10,12.134,12.079,12.16,12.079,0.46
21-Jul-10,12.079,12.28,12.28,12.079,-1.64
20-Jul-10,12.28,12.29,12.302,12.28,-0.18
19-Jul-10,12.302,12.23,12.302,12.23,0.44
16-Jul-10,12.248,12.28,12.283,12.23,-0.26
15-Jul-10,12.28,12.24,12.29,12.24,0.12
14-Jul-10,12.265,12.235,12.27,12.22,0.35
13-Jul-10,12.222,12.27,12.27,12.222,-0.39
12-Jul-10,12.27,12.29,12.29,12.24,-0.15
8-Jul-10,12.288,12.27,12.29,12.228,0.47
7-Jul-10,12.23,12.27,12.27,12.228,-0.1
6-Jul-10,12.242,12.27,12.27,12.22,-0.01
5-Jul-10,12.243,12.25,12.41,12.22,-0.02
2-Jul-10,12.245,12.32,12.33,12.23,-0.32
1-Jul-10,12.284,12.788,12.788,12.284,-3.94
30-Jun-10,12.788,12.788,12.788,12.32,0
29-Jun-10,12.788,12.788,12.788,12.32,0
28-Jun-10,12.788,12.788,12.788,12.31,0
25-Jun-10,12.788,12.42,12.788,12.36,2.96
24-Jun-10,12.42,12.47,12.788,12.36,-0.4
23-Jun-10,12.47,12.45,12.788,12.43,0.16
22-Jun-10,12.45,12.35,12.788,12.35,0.81
21-Jun-10,12.35,12.41,12.788,12.35,-0.64
18-Jun-10,12.43,12.788,12.788,12.41,-0.24
17-Jun-10,12.46,12.788,13.03,12.46,-0.88
16-Jun-10,12.57,12.788,12.8,12.57,-1.49
15-Jun-10,12.76,12.788,12.788,12.69,-0.22
14-Jun-10,12.788,12.788,12.788,12.47,1.25
11-Jun-10,12.63,12.788,12.788,12.55,0.48
10-Jun-10,12.57,12.51,12.788,12.44,0.48
9-Jun-10,12.51,12.788,12.788,12.43,0.64
8-Jun-10,12.43,12.788,12.788,12.43,0.16
7-Jun-10,12.41,12.788,12.788,12.41,-2.96
4-Jun-10,12.788,12.788,12.788,12.788,-4.35
9-Dec-09,13.37,13.38,13.4,12.44,7.48
8-Dec-09,12.44,13.31,13.36,12.44,-5.9
7-Dec-09,13.22,13.38,13.38,12.403,6.25
4-Dec-09,12.442,13.35,13.38,12.442,-6.31
3-Dec-09,13.28,13.39,13.4,12.473,6.47
2-Dec-09,12.473,13.335,13.395,12.438,-6.34
1-Dec-09,13.318,13.41,13.45,12.438,6.48
30-Nov-09,12.507,13.36,13.47,12.43,0.62
27-Nov-09,12.43,13.38,13.44,12.43,0.24
26-Nov-09,12.4,13.21,13.37,12.4,-5.44
25-Nov-09,13.114,13.21,13.27,12.292,6.36
24-Nov-09,12.33,13.24,13.26,12.33,-0.01
23-Nov-09,12.331,13.22,13.28,12.331,-6.12
19-Nov-09,13.135,13.25,13.3,12.313,6.49
18-Nov-09,12.335,13.13,13.33,12.335,0.22
17-Nov-09,12.308,13.27,13.29,12.308,-0.02
16-Nov-09,12.311,13.15,13.29,12.311,-6.38
13-Nov-09,13.15,13.29,13.33,12.328,6.24
12-Nov-09,12.378,13.24,13.34,12.318,-5.73
11-Nov-09,13.13,13.2,13.26,13.11,6.85
10-Nov-09,12.288,13.18,13.21,12.288,0.12
9-Nov-09,12.273,13.22,13.29,12.273,-0.1
6-Nov-09,12.285,13.33,13.33,12.285,-0.25
5-Nov-09,12.316,13.21,13.33,12.316,-0.54
4-Nov-09,12.383,12.372,13.3,12.372,-6.33
3-Nov-09,13.22,13.19,13.32,12.44,-0.31
30-Oct-09,13.261,13.34,13.34,12.366,0.61
29-Oct-09,13.18,13.3,13.38,12.366,6.47
28-Oct-09,12.379,13.22,13.27,12.29,0.72
27-Oct-09,12.29,13.33,13.33,12.29,-6.62
26-Oct-09,13.161,13.32,13.36,12.34,6.05
23-Oct-09,12.41,13.35,13.43,12.41,-0.1
22-Oct-09,12.423,13.18,13.38,12.271,-4.59
21-Oct-09,13.02,13.17,13.21,13.02,6.04
20-Oct-09,12.278,13.23,13.48,12.278,-0.94
19-Oct-09,12.394,13.14,13.28,12.394,2.57
16-Oct-09,12.084,12.925,13.085,12.084,0.81
15-Oct-09,11.987,12.755,12.875,11.987,-5.38
14-Oct-09,12.668,12.85,12.9,11.845,-0.6
13-Oct-09,12.745,12.72,12.84,11.922,0.24
9-Oct-09,12.715,12.7,12.74,11.873,0.12
8-Oct-09,12.7,12.63,12.885,11.816,0.55
7-Oct-09,12.63,12.64,12.765,12.62,-0.08
6-Oct-09,12.64,12.805,12.905,12.64,6.52
5-Oct-09,11.866,12.795,12.815,11.866,-0.34
2-Oct-09,11.907,12.935,12.95,11.907,-0.96
1-Oct-09,12.023,12.915,12.965,12.023,-6.14
30-Sep-09,12.81,12.865,12.945,11.963,0.23
29-Sep-09,12.78,12.86,12.9,12.78,0
28-Sep-09,12.78,12.5,13.08,12.5,-0.93
25-Sep-09,12.9,13.1,13.22,12.081,-0.85
24-Sep-09,13.01,12.98,13.1,12.89,0.93
23-Sep-09,12.89,12.86,13.01,12.071,0.31
22-Sep-09,12.85,13,13.12,12.119,-0.62
21-Sep-09,12.93,12.98,13.06,12.88,0.36
18-Sep-09,12.884,13,13.06,12.132,-0.51
17-Sep-09,12.95,13.1,13.19,12.212,-0.67
16-Sep-09,13.037,13.06,13.2,12.136,0.59
15-Sep-09,12.96,13.03,13.08,12.079,0.47
14-Sep-09,12.9,12.99,13.03,12.097,-0.15
11-Sep-09,12.92,12.92,13.045,12.92,6.76
10-Sep-09,12.102,12.975,13.005,12.102,0.23
9-Sep-09,12.074,12.97,13.02,12.046,-6.04
8-Sep-09,12.85,12.075,13.01,12.075,-0.16
4-Sep-09,12.87,12.91,12.91,12.87,6.49
3-Sep-09,12.086,12.97,13.05,12.069,0.14
2-Sep-09,12.069,12.92,12.98,12.03,0.06
1-Sep-09,12.062,12.96,12.98,12.062,-6.28
31-Aug-09,12.87,12.98,13.02,12.075,6.58
28-Aug-09,12.075,12.85,13,12.035,-6.03
27-Aug-09,12.85,12.89,12.99,12.042,-0.08
26-Aug-09,12.86,12.96,12.97,12.053,-0.08
25-Aug-09,12.87,13,13.02,12.07,-0.16
24-Aug-09,12.89,13.04,13.06,12.131,6.26
21-Aug-09,12.131,12.91,13.06,12.131,0.32
20-Aug-09,12.092,12.82,13.03,12.092,-5.16
19-Aug-09,12.75,12.78,12.81,11.876,0.39
18-Aug-09,12.7,12.77,12.82,11.86,0.16
17-Aug-09,12.68,12.86,12.86,11.951,6.1
14-Aug-09,11.951,12.96,12.96,11.951,-0.75
13-Aug-09,12.041,12.98,13.01,12.041,-0.58
12-Aug-09,12.111,12.93,13.04,12.111,-6.33
11-Aug-09,12.93,12.88,13.06,12.06,0.39
10-Aug-09,12.88,12.86,13,12.035,0.16
7-Aug-09,12.86,12.79,12.86,11.965,7.48
6-Aug-09,11.965,12.87,12.92,11.965,-0.15
5-Aug-09,11.983,12.82,12.86,11.869,0.96
4-Aug-09,11.869,12.69,12.83,11.869,-0.08
3-Aug-09,11.879,12.81,12.81,11.879,-7.27
31-Jul-09,12.81,12.89,12.99,12.003,-0.08
30-Jul-09,12.82,12.75,12.92,11.84,0.79
29-Jul-09,12.72,12.78,12.8,12.65,7.52
28-Jul-09,11.83,12.75,12.81,11.83,-6.41
27-Jul-09,12.64,12.86,12.86,11.989,-1.33
24-Jul-09,12.81,13.04,13.08,11.989,5.45
23-Jul-09,12.148,12.955,13.115,12.148,0.44
22-Jul-09,12.095,13.01,13.04,12.095,-6.46
21-Jul-09,12.93,13.01,13.06,12.111,6.46
20-Jul-09,12.145,13.04,13.04,12.145,-6.65
17-Jul-09,13.01,13.05,13.08,12.178,0.08
16-Jul-09,13,13,13.09,12.131,0.39
15-Jul-09,12.95,12.92,13.45,11.952,8.35
14-Jul-09,11.952,13.04,13.05,11.952,-1.15
13-Jul-09,12.091,12.845,13.01,11.975,0.8
10-Jul-09,11.995,12.88,12.89,11.995,0
8-Jul-09,11.995,12.965,13.08,11.995,-0.7
7-Jul-09,12.08,13.04,13.1,12.08,-0.36
6-Jul-09,12.124,12.04,13.016,12.033,-6.52
3-Jul-09,12.97,12.04,13,12.008,1.09
2-Jul-09,12.83,12.853,12.93,11.957,-0.18
1-Jul-09,12.853,12.87,12.95,12.87,0.26
30-Jun-09,12.82,12.91,13.03,12.91,-0.47
29-Jun-09,12.88,12.56,12.91,11.67,2.55
26-Jun-09,12.56,12.64,12.65,12.5,7.44
25-Jun-09,11.69,12.68,12.74,11.69,-7.22
24-Jun-09,12.6,12.71,12.88,12.6,-0.24
23-Jun-09,12.63,12.74,12.83,12.63,-0.55
22-Jun-09,12.7,12.75,12.835,11.88,6.45
19-Jun-09,11.93,12.79,13.01,11.93,-6.14
18-Jun-09,12.71,12.59,12.84,12.53,1.36
17-Jun-09,12.54,12.48,12.64,11.85,0.48
16-Jun-09,12.48,11.84,12.73,11.84,-1.5
15-Jun-09,12.67,12.61,12.77,11.76,0.64
12-Jun-09,12.59,12.68,13.25,12.35,6.33
10-Jun-09,11.84,12.68,12.9,11.84,-6.62
9-Jun-09,12.68,12.35,12.75,11.53,2.67
8-Jun-09,12.35,11.4,12.445,11.4,1.06
5-Jun-09,12.22,12.07,12.35,12.07,8.53
4-Jun-09,11.26,12.1,12.26,11.26,-6.94
3-Jun-09,12.1,12.05,12.21,11.27,0.41
2-Jun-09,12.05,12.057,12.11,11.21,0.5
1-Jun-09,11.99,11.98,12.1,11.15,0.08
29-May-09,11.98,12.05,12.16,11.15,6.68
28-May-09,11.23,11.15,12.2,11.15,-6.26
27-May-09,11.98,11.98,12.125,11.88,8.32
26-May-09,11.06,11.96,12.18,11.06,-6.9
25-May-09,11.88,12.02,12.065,11.06,-0.67
22-May-09,11.96,12.12,12.29,11.22,-0.91
21-May-09,12.07,12.02,12.32,11.87,1.34
20-May-09,11.91,12.17,12.19,11.91,5.87
19-May-09,11.25,12.17,12.33,11.25,-0.18
18-May-09,11.27,12.32,12.32,11.27,-8.3
15-May-09,12.29,12.69,12.721,12.29,4.06
14-May-09,11.81,12.63,12.76,11.81,-6.49
13-May-09,12.63,12.77,12.8,11.47,-0.39
12-May-09,12.68,12.78,12.86,12.68,-0.78
11-May-09,12.78,12.95,13,12.02,-0.47
8-May-09,12.84,12.85,13.06,12.76,0.47
7-May-09,12.78,12.83,12.94,12.73,-0.08
6-May-09,12.79,12.85,12.97,12.79,6.32
5-May-09,12.03,12.89,13,12.03,-0.17
4-May-09,12.05,13.09,13.32,12.05,-7.94
30-Apr-09,13.09,13.05,13.24,12.27,7.83
29-Apr-09,12.14,13.09,13.12,12.14,-6.83
28-Apr-09,13.03,13.22,13.26,12.29,6.02
27-Apr-09,12.29,12.99,13.17,12.29,-5.46
24-Apr-09,13,12.9,13.07,12.04,0.78
23-Apr-09,12.9,12.92,12.97,12.83,0.39
22-Apr-09,12.85,13.14,13.23,12.03,-2.73
20-Apr-09,13.21,13.15,13.32,11.96,1.15
17-Apr-09,13.06,12.89,13.21,12.79,2.11
16-Apr-09,12.79,12.68,12.89,11.84,0.95
15-Apr-09,12.67,12.73,12.86,12.62,0.4
14-Apr-09,12.62,13.03,13.04,11.8,-2.7
13-Apr-09,12.97,12.93,13.11,12.15,0.7
9-Apr-09,12.88,12.94,13.01,12.78,-0.23
8-Apr-09,12.91,12.73,12.92,12.69,1.57
7-Apr-09,12.71,12.72,12.77,11.88,7.8
6-Apr-09,11.79,12.72,12.75,11.79,-6.43
3-Apr-09,12.6,12.53,12.62,11.78,1.2
2-Apr-09,12.45,12.37,12.5,12.29,1.3
1-Apr-09,12.29,12.42,12.541,12.29,-0.57
31-Mar-09,12.36,12.36,12.445,11.53,7.95
30-Mar-09,11.45,12.26,12.55,11.45,-6.61
27-Mar-09,12.26,12.31,12.435,12.25,0
26-Mar-09,12.26,12.51,12.58,11.41,-1.13
25-Mar-09,12.4,12.51,12.6,12.4,-0.48
24-Mar-09,12.46,12.59,12.755,11.61,0.73
23-Mar-09,12.37,12.37,13.63,11.52,-0.24
20-Mar-09,12.4,12.37,13.48,11.45,0.81
19-Mar-09,12.3,12.26,12.47,11.34,0.99
18-Mar-09,12.18,12.67,12.711,12.18,-3.41
17-Mar-09,12.61,12.6,12.79,11.78,-0.08
16-Mar-09,12.62,12.62,12.932,11.78,1.77
12-Mar-09,12.4,12.36,12.53,12.3,8.3
11-Mar-09,11.45,12.43,12.49,11.45,-8.98
10-Mar-09,12.58,12.68,12.87,12.47,6.16
9-Mar-09,11.85,12.75,12.78,11.85,-6.84
6-Mar-09,12.72,12.84,12.87,11.87,-0.16
5-Mar-09,12.74,13.03,13.08,12.74,-1.16
4-Mar-09,12.89,12.72,13,12.63,1.9
3-Mar-09,12.65,12.9,13.44,11.96,-1.48
2-Mar-09,12.84,13.01,13.16,12.695,6.47
27-Feb-09,12.06,13.08,13.2,12.06,-1.07
26-Feb-09,12.19,13.33,13.38,12.19,-8
25-Feb-09,13.25,13.22,13.25,13.11,0.61
20-Feb-09,13.17,13.1,13.29,13.02,1.15
19-Feb-09,13.02,13.27,13.27,13.02,-1.81
18-Feb-09,13.26,13.29,13.37,13.22,0
17-Feb-09,13.26,13.17,13.32,13.11,7.89
16-Feb-09,12.29,13.27,13.27,12.24,-6.04
13-Feb-09,13.08,13.51,13.64,12.24,-3.18
12-Feb-09,13.51,13.47,13.75,13.43,0.37
11-Feb-09,13.46,13.54,13.54,13.25,-3.51
10-Feb-09,13.95,13.3,13.95,12.62,4.97
9-Feb-09,13.29,13.11,13.34,12.43,8.85
6-Feb-09,12.21,13.09,13.24,12.21,-6.51
5-Feb-09,13.06,12.93,13.26,12.1,0.62
4-Feb-09,12.98,12.76,13.005,12.71,2.12
3-Feb-09,12.71,12.84,13,12.65,-0.78
2-Feb-09,12.81,13.04,13.37,12.12,-1.23
30-Jan-09,12.97,13.31,13.46,12.12,3.68
29-Jan-09,12.51,13.2,13.49,12.51,-4.14
28-Jan-09,13.05,13.31,13.37,12.22,-1.88
27-Jan-09,13.3,13.78,14.09,12.73,-1.34
26-Jan-09,13.48,13.38,13.62,13.21,9.06
23-Jan-09,12.36,13.345,13.5,12.36,2.91
22-Jan-09,12.01,12,13.11,12,-5.28
21-Jan-09,12.68,12.97,13.09,12.67,0
20-Jan-09,12.68,12.82,12.995,11.82,0
19-Jan-09,12.68,13.24,13.24,12.68,-2.16
16-Jan-09,12.96,13.7,13.7,12.9,0
15-Jan-09,12.96,12.67,13.065,11.98,0
14-Jan-09,12.96,12.7,12.96,12.55,3.27
13-Jan-09,12.55,12.82,12.85,12.55,6.18
12-Jan-09,11.82,12.76,13.04,11.82,-6.86
9-Jan-09,12.69,13.02,13.02,12.67,-3.5
8-Jan-09,13.15,13.15,13.19,12.9,0.69
7-Jan-09,13.06,12.87,13.15,12.77,2.11
6-Jan-09,12.79,12.95,12.95,11.95,-1.24
5-Jan-09,12.95,12.37,13.6,12.37,-2.56
2-Jan-09,13.29,13.39,13.41,12.56,5.81
30-Dec-08,12.56,13.68,14.321,12.56,-7.37
29-Dec-08,13.56,13.81,13.891,12.89,-1.24
26-Dec-08,13.73,12.96,13.88,12.96,-0.29
23-Dec-08,13.77,14.04,14.13,13.2,-2.2
22-Dec-08,14.08,14.272,14.29,13.44,-0.71
19-Dec-08,14.18,14.24,14.72,14.18,-1.12
18-Dec-08,14.34,15.02,15.04,14.315,-3.63
17-Dec-08,14.88,15.395,15.45,14.03,-4.43
16-Dec-08,15.57,15.42,15.63,14.46,1.7
15-Dec-08,15.31,15.4,15.5,14.54,-0.58
12-Dec-08,15.4,15.47,15.67,14.54,0
11-Dec-08,15.4,15.44,15.58,14.56,5.48
10-Dec-08,14.6,15.32,15.43,14.6,-4.7
9-Dec-08,15.32,15.1,15.49,14.12,3.44
8-Dec-08,14.81,15.11,15.406,14.13,-1.27
5-Dec-08,15,15.5,15.602,14.13,-2.66
4-Dec-08,15.41,15.87,15.98,14.58,-0.19
3-Dec-08,15.44,15.92,15.93,15.29,-0.52
2-Dec-08,15.52,16.61,16.61,15.42,-4.32
1-Dec-08,16.22,17.33,17.39,16.1,-4.25
28-Nov-08,16.94,18.22,18.24,16.94,-1.45
27-Nov-08,17.19,18.23,18.28,17.12,5.33
26-Nov-08,16.32,18.33,18.44,16.32,-5.34
25-Nov-08,17.24,17.19,18.4,17.19,0.12
24-Nov-08,17.22,17.82,17.82,16.36,-0.17
21-Nov-08,17.25,16.36,17.25,16.36,5.83
18-Nov-08,16.3,16.64,16.64,16.3,-2.4
17-Nov-08,16.7,16.7,16.7,16.7,0
14-Nov-08,16.7,16.7,16.7,16.7,-0.6
13-Nov-08,16.8,16.7,16.8,16.7,-0.59
12-Nov-08,16.9,16.9,16.9,16.9,0
11-Nov-08,16.9,16.9,16.9,16.9,-0.18
10-Nov-08,16.93,16.93,16.93,16.93,-2.76
6-Nov-08,17.41,17.41,17.41,17.41,0.52
5-Nov-08,17.32,17.1,17.32,17.1,-0.06
4-Nov-08,17.33,17.33,17.33,17.33,0
3-Nov-08,17.33,17.33,17.33,17.33,0
31-Oct-08,17.33,17.33,17.33,17.33,6.25
29-Oct-08,16.31,16.31,16.31,16.31,-5.94
28-Oct-08,17.34,18,18,17.34,-3.18
24-Oct-08,17.91,17.91,17.91,17.91,5.17
23-Oct-08,17.03,17.03,17.03,17.03,-2.24
22-Oct-08,17.42,17.42,17.42,17.42,9.63
21-Oct-08,15.89,15.66,15.89,15.66,1.47
20-Oct-08,15.66,15.59,15.66,15.59,2.62
17-Oct-08,15.26,15.26,15.26,15.26,0.13
16-Oct-08,15.24,15.24,15.24,15.24,1.33
14-Oct-08,15.04,13.74,15.75,13.43,0.07
13-Oct-08,15.03,13.74,15.75,13.43,-0.4
10-Oct-08,15.09,13.74,15.22,13.43,-0.85
9-Oct-08,15.22,13.74,15.22,13.43,1.33
7-Oct-08,15.02,13.74,15.02,13.43,3.73
6-Oct-08,14.48,13.74,14.48,13.43,4.25
3-Oct-08,13.89,13.74,14.07,13.43,3.43
2-Oct-08,13.43,13.74,14.07,13.43,-1.68
1-Oct-08,13.66,13.74,14.07,13.66,-2.91
29-Sep-08,14.07,13.74,14.07,13.74,0.36
26-Sep-08,14.02,14.02,14.02,14.02,0
25-Sep-08,14.02,14.02,14.02,14.02,-2.37
24-Sep-08,14.36,14.36,14.36,14.36,1.92
22-Sep-08,14.09,14.09,14.09,14.09,0.09
12-Sep-08,14.078,14.078,14.078,14.078,-0.13
11-Sep-08,14.097,14.097,14.097,14.097,0.81
10-Sep-08,13.984,13.984,13.984,13.984,-0.39
8-Sep-08,14.039,14.039,14.039,14.039,-0.94
4-Sep-08,14.172,14.172,14.172,14.172,2.3
3-Sep-08,13.853,13.853,13.853,13.853,1.98
29-Aug-08,13.584,13.584,13.584,13.584,-1.01
26-Aug-08,13.723,13.723,13.723,13.723,-0.51
25-Aug-08,13.794,13.794,13.794,13.794,0.15
22-Aug-08,13.774,13.774,13.774,13.774,0.2
21-Aug-08,13.746,13.746,13.746,13.746,-0.07
20-Aug-08,13.756,13.756,13.756,13.756,0.19
19-Aug-08,13.73,13.73,13.73,13.73,-0.72
18-Aug-08,13.829,13.829,13.829,13.829,-0.17
15-Aug-08,13.852,13.911,13.911,13.852,-0.42
14-Aug-08,13.911,13.911,13.911,13.911,-0.24
13-Aug-08,13.945,13.945,13.945,13.945,1.37
8-Aug-08,13.756,13.756,13.756,13.756,0.78
7-Aug-08,13.649,13.649,13.649,13.649,1.13
6-Aug-08,13.496,13.496,13.496,13.496,0.54
5-Aug-08,13.424,13.424,13.424,13.424,-1.13
4-Aug-08,13.577,13.577,13.577,13.577,0.38
1-Aug-08,13.525,13.525,13.525,13.525,-1.56
31-Jul-08,13.739,13.739,13.739,13.739,0.17
30-Jul-08,13.715,13.715,13.715,13.715,-1.37
29-Jul-08,13.906,13.906,13.906,13.906,1.36
25-Jul-08,13.719,13.719,13.719,13.719,0.12
24-Jul-08,13.703,13.703,13.703,13.703,-2.19
23-Jul-08,14.01,14.01,14.01,14.01,-1.14
22-Jul-08,14.171,14.171,14.171,14.171,-1.01
21-Jul-08,14.316,14.316,14.316,14.316,0.89
18-Jul-08,14.19,14.455,14.455,14.19,-1.55
17-Jul-08,14.413,14.413,14.413,14.413,-0.6
16-Jul-08,14.5,14.5,14.5,14.5,0.31
15-Jul-08,14.455,14.455,14.455,14.455,-1.9
11-Jul-08,14.735,14.735,14.735,14.735,-0.86
10-Jul-08,14.863,14.863,14.863,14.863,-1.96
4-Jul-08,15.16,15.16,15.16,15.16,0.5
3-Jul-08,15.085,15.085,15.085,15.085,0.33
2-Jul-08,15.035,15.035,15.035,15.035,1.06
30-Jun-08,14.878,14.722,14.878,14.722,3.11
25-Jun-08,14.429,14.429,14.429,14.429,-0.09
23-Jun-08,14.442,14.442,14.442,14.442,0.52
19-Jun-08,14.368,14.368,14.368,14.368,-0.13
18-Jun-08,14.386,14.386,14.386,14.386,-1.21
17-Jun-08,14.562,14.562,14.562,14.562,-0.83
16-Jun-08,14.684,14.684,14.684,14.684,0.72
13-Jun-08,14.579,14.579,14.579,14.579,0.96
12-Jun-08,14.441,14.441,14.441,14.441,0.17
11-Jun-08,14.417,14.417,14.417,14.417,-0.03
9-Jun-08,14.422,14.422,14.422,14.422,4.67
5-Jun-08,13.778,13.778,13.778,13.778,1.5
4-Jun-08,13.575,13.575,13.575,13.575,0.31
3-Jun-08,13.533,13.533,13.533,13.533,-0.95
2-Jun-08,13.663,13.663,13.663,13.663,1.5
30-May-08,13.461,13.461,13.461,13.461,0.1
29-May-08,13.448,13.448,13.448,13.448,-1.88
27-May-08,13.706,13.706,13.706,13.706,0.71
26-May-08,13.609,13.609,13.609,13.609,0.1
23-May-08,13.596,13.596,13.596,13.596,0.19
21-May-08,13.57,13.57,13.57,13.57,0.94
20-May-08,13.443,13.443,13.443,13.443,0.43
16-May-08,13.386,13.386,13.386,13.386,-2.19
14-May-08,13.686,13.686,13.686,13.686,1.25
13-May-08,13.517,13.517,13.517,13.517,-0.89
8-May-08,13.638,13.638,13.638,13.638,0.26
7-May-08,13.603,13.603,13.603,13.603,4.09
2-May-08,13.068,13.068,13.068,13.068,-3.84
30-Apr-08,13.59,13.59,13.59,13.59,-2.66
29-Apr-08,13.961,13.961,13.961,13.961,0
28-Apr-08,13.961,13.961,13.961,13.961,1.08
25-Apr-08,13.812,13.812,13.812,13.812,-0.65
24-Apr-08,13.903,13.903,13.903,13.903,0.41
23-Apr-08,13.846,13.846,13.846,13.846,-1.06
22-Apr-08,13.994,13.994,13.994,13.994,2.45
18-Apr-08,13.659,13.659,13.659,13.659,0.69
16-Apr-08,13.565,13.565,13.565,13.565,0.52
15-Apr-08,13.495,13.495,13.495,13.495,0.46
14-Apr-08,13.433,13.433,13.433,13.433,0.1
11-Apr-08,13.42,13.42,13.42,13.42,0.07
10-Apr-08,13.41,13.41,13.422,13.41,-0.09
9-Apr-08,13.422,13.422,13.422,13.422,0.63
8-Apr-08,13.338,13.338,13.34,13.338,-0.01
7-Apr-08,13.34,13.34,13.34,13.34,0.64
3-Apr-08,13.255,13.255,13.321,13.255,-0.5
2-Apr-08,13.321,13.321,13.321,13.321,0.2
1-Apr-08,13.294,13.294,13.355,13.294,-0.11
28-Mar-08,13.308,13.308,13.47,13.308,-1.2
27-Mar-08,13.47,13.47,13.538,13.47,0.07
25-Mar-08,13.46,13.46,13.46,13.46,1.6
20-Mar-08,13.248,13.248,13.248,13.248,1.69
18-Mar-08,13.028,13.028,13.21,13.028,-1.38
17-Mar-08,13.21,13.21,13.21,13.21,0.7
14-Mar-08,13.118,13.118,13.118,13.118,1.35
13-Mar-08,12.943,12.943,12.943,12.943,1.22
12-Mar-08,12.787,12.787,12.787,12.787,0.42
11-Mar-08,12.733,12.733,12.94,12.733,-1.6
10-Mar-08,12.94,12.94,12.94,12.94,0.88
7-Mar-08,12.827,12.827,12.827,12.827,1.55
6-Mar-08,12.631,12.631,12.631,12.631,2.13
5-Mar-08,12.367,12.367,12.45,12.367,-0.67
4-Mar-08,12.45,12.45,12.451,12.45,-0.01
3-Mar-08,12.451,12.451,12.545,12.451,-0.75
29-Feb-08,12.545,12.545,12.545,12.545,0.87
28-Feb-08,12.437,12.437,12.437,12.437,0.3
27-Feb-08,12.4,12.4,12.443,12.4,-0.35
26-Feb-08,12.443,12.443,12.483,12.443,-0.32
25-Feb-08,12.483,12.483,12.483,12.483,0.17
22-Feb-08,12.462,12.462,12.49,12.462,-0.22
21-Feb-08,12.49,12.49,12.562,12.49,-0.57
20-Feb-08,12.562,12.562,12.628,12.562,-0.52
19-Feb-08,12.628,12.628,12.628,12.628,0.29
18-Feb-08,12.591,12.591,12.758,12.591,-3.2
17-Jan-08,13.007,13.007,13.007,13.007,0.46
15-Jan-08,12.948,12.948,12.973,12.948,-0.19
14-Jan-08,12.973,12.973,13.009,12.973,-0.28
,,,,,
,Highest:18.440,Lowest:9.075,Difference:9.365,Average:12.032,Change %:-23.476
